,freq_total,nodes,edges,pedge00,pedge11,pnode,total_states
0,0,8,9.0,9.0,0.0,8,256
1,1,8,9.0,4.0,0.0,2,256
2,0,8,9.0,7.0,0.0,5,256
3,647,8,9.0,2.0,0.0,0,256
4,0,8,9.0,8.0,0.0,6,256
5,0,8,9.0,4.0,1.0,2,256
6,0,8,9.0,6.0,0.0,3,256
7,23,8,9.0,2.0,1.0,0,256
8,0,8,9.0,8.0,0.0,6,256
9,221,8,9.0,3.0,0.0,0,256
10,0,8,9.0,7.0,1.0,5,256
11,107,8,9.0,2.0,1.0,0,256
12,0,8,9.0,7.0,0.0,4,256
13,3,8,9.0,3.0,1.0,0,256
14,0,8,9.0,6.0,1.0,3,256
15,1,8,9.0,2.0,2.0,0,256
16,0,8,9.0,7.0,0.0,5,256
17,0,8,9.0,3.0,1.0,1,256
18,0,8,9.0,6.0,1.0,4,256
19,4,8,9.0,2.0,2.0,0,256
20,0,8,9.0,6.0,0.0,4,256
21,0,8,9.0,3.0,2.0,1,256
22,0,8,9.0,5.0,1.0,3,256
23,0,8,9.0,2.0,3.0,0,256
24,0,8,9.0,6.0,0.0,4,256
25,71,8,9.0,2.0,1.0,0,256
26,0,8,9.0,6.0,2.0,4,256
27,6,8,9.0,2.0,3.0,0,256
28,1,8,9.0,5.0,0.0,3,256
29,4,8,9.0,2.0,2.0,0,256
30,0,8,9.0,5.0,2.0,3,256
31,0,8,9.0,2.0,4.0,0,256
32,0,8,9.0,7.0,0.0,5,256
33,0,8,9.0,3.0,1.0,2,256
34,0,8,9.0,5.0,0.0,2,256
35,190,8,9.0,1.0,1.0,0,256
36,0,8,9.0,6.0,0.0,4,256
37,0,8,9.0,3.0,2.0,2,256
38,9,8,9.0,4.0,0.0,1,256
39,13,8,9.0,1.0,2.0,0,256
40,0,8,9.0,6.0,0.0,3,256
41,62,8,9.0,2.0,1.0,0,256
42,0,8,9.0,5.0,1.0,2,256
43,26,8,9.0,1.0,2.0,0,256
44,0,8,9.0,5.0,0.0,2,256
45,3,8,9.0,2.0,2.0,0,256
46,1,8,9.0,4.0,1.0,1,256
47,1,8,9.0,1.0,3.0,0,256
48,0,8,9.0,5.0,0.0,3,256
49,0,8,9.0,2.0,2.0,1,256
50,0,8,9.0,4.0,1.0,2,256
51,1,8,9.0,1.0,3.0,0,256
52,1,8,9.0,4.0,0.0,2,256
53,0,8,9.0,2.0,3.0,1,256
54,2,8,9.0,3.0,1.0,1,256
55,0,8,9.0,1.0,4.0,0,256
56,0,8,9.0,4.0,0.0,2,256
57,30,8,9.0,1.0,2.0,0,256
58,0,8,9.0,4.0,2.0,2,256
59,2,8,9.0,1.0,4.0,0,256
60,18,8,9.0,3.0,0.0,1,256
61,6,8,9.0,1.0,3.0,0,256
62,0,8,9.0,3.0,2.0,1,256
63,0,8,9.0,1.0,5.0,0,256
64,0,8,9.0,6.0,0.0,4,256
65,3,8,9.0,2.0,1.0,2,256
66,1,8,9.0,4.0,0.0,1,256
67,1274,8,9.0,0.0,1.0,0,256
68,0,8,9.0,5.0,0.0,3,256
69,0,8,9.0,2.0,2.0,2,256
70,215,8,9.0,3.0,0.0,0,256
71,134,8,9.0,0.0,2.0,0,256
72,0,8,9.0,5.0,0.0,2,256
73,384,8,9.0,1.0,1.0,0,256
74,0,8,9.0,4.0,1.0,1,256
75,170,8,9.0,0.0,2.0,0,256
76,4,8,9.0,4.0,0.0,1,256
77,15,8,9.0,1.0,2.0,0,256
78,9,8,9.0,3.0,1.0,0,256
79,11,8,9.0,0.0,3.0,0,256
80,0,8,9.0,4.0,0.0,2,256
81,2,8,9.0,1.0,2.0,1,256
82,0,8,9.0,3.0,1.0,1,256
83,10,8,9.0,0.0,3.0,0,256
84,35,8,9.0,3.0,0.0,1,256
85,0,8,9.0,1.0,3.0,1,256
86,97,8,9.0,2.0,1.0,0,256
87,12,8,9.0,0.0,4.0,0,256
88,20,8,9.0,3.0,0.0,1,256
89,169,8,9.0,0.0,2.0,0,256
90,1,8,9.0,3.0,2.0,1,256
91,18,8,9.0,0.0,4.0,0,256
92,946,8,9.0,2.0,0.0,0,256
93,66,8,9.0,0.0,3.0,0,256
94,28,8,9.0,2.0,2.0,0,256
95,3,8,9.0,0.0,5.0,0,256
96,0,8,9.0,5.0,1.0,4,256
97,0,8,9.0,2.0,3.0,2,256
98,0,8,9.0,3.0,1.0,1,256
99,33,8,9.0,0.0,3.0,0,256
100,0,8,9.0,4.0,1.0,3,256
101,0,8,9.0,2.0,4.0,2,256
102,72,8,9.0,2.0,1.0,0,256
103,20,8,9.0,0.0,4.0,0,256
104,0,8,9.0,4.0,1.0,2,256
105,10,8,9.0,1.0,3.0,0,256
106,0,8,9.0,3.0,2.0,1,256
107,4,8,9.0,0.0,4.0,0,256
108,1,8,9.0,3.0,1.0,1,256
109,0,8,9.0,1.0,4.0,0,256
110,3,8,9.0,2.0,2.0,0,256
111,1,8,9.0,0.0,5.0,0,256
112,0,8,9.0,3.0,1.0,2,256
113,0,8,9.0,1.0,4.0,1,256
114,0,8,9.0,2.0,2.0,1,256
115,0,8,9.0,0.0,5.0,0,256
116,7,8,9.0,2.0,1.0,1,256
117,0,8,9.0,1.0,5.0,1,256
118,28,8,9.0,1.0,2.0,0,256
119,3,8,9.0,0.0,6.0,0,256
120,4,8,9.0,2.0,1.0,1,256
121,9,8,9.0,0.0,4.0,0,256
122,0,8,9.0,2.0,3.0,1,256
123,0,8,9.0,0.0,6.0,0,256
124,252,8,9.0,1.0,1.0,0,256
125,12,8,9.0,0.0,5.0,0,256
126,10,8,9.0,1.0,3.0,0,256
127,0,8,9.0,0.0,7.0,0,256
128,0,8,9.0,7.0,0.0,5,256
129,0,8,9.0,3.0,1.0,2,256
130,0,8,9.0,5.0,0.0,2,256
131,192,8,9.0,1.0,1.0,0,256
132,0,8,9.0,6.0,0.0,4,256
133,0,8,9.0,3.0,2.0,2,256
134,5,8,9.0,4.0,0.0,1,256
135,11,8,9.0,1.0,2.0,0,256
136,0,8,9.0,6.0,0.0,3,256
137,58,8,9.0,2.0,1.0,0,256
138,0,8,9.0,5.0,1.0,2,256
139,20,8,9.0,1.0,2.0,0,256
140,0,8,9.0,5.0,0.0,2,256
141,4,8,9.0,2.0,2.0,0,256
142,1,8,9.0,4.0,1.0,1,256
143,2,8,9.0,1.0,3.0,0,256
144,0,8,9.0,5.0,0.0,3,256
145,0,8,9.0,2.0,2.0,1,256
146,0,8,9.0,4.0,1.0,2,256
147,0,8,9.0,1.0,3.0,0,256
148,0,8,9.0,4.0,0.0,2,256
149,0,8,9.0,2.0,3.0,1,256
150,2,8,9.0,3.0,1.0,1,256
151,1,8,9.0,1.0,4.0,0,256
152,1,8,9.0,4.0,0.0,2,256
153,28,8,9.0,1.0,2.0,0,256
154,0,8,9.0,4.0,2.0,2,256
155,2,8,9.0,1.0,4.0,0,256
156,19,8,9.0,3.0,0.0,1,256
157,3,8,9.0,1.0,3.0,0,256
158,1,8,9.0,3.0,2.0,1,256
159,0,8,9.0,1.0,5.0,0,256
160,0,8,9.0,5.0,0.0,4,256
161,0,8,9.0,2.0,2.0,2,256
162,13,8,9.0,3.0,0.0,1,256
163,81,8,9.0,0.0,2.0,0,256
164,1,8,9.0,4.0,0.0,3,256
165,0,8,9.0,2.0,3.0,2,256
166,708,8,9.0,2.0,0.0,0,256
167,59,8,9.0,0.0,3.0,0,256
168,0,8,9.0,4.0,0.0,2,256
169,16,8,9.0,1.0,2.0,0,256
170,0,8,9.0,3.0,1.0,1,256
171,6,8,9.0,0.0,3.0,0,256
172,16,8,9.0,3.0,0.0,1,256
173,4,8,9.0,1.0,3.0,0,256
174,45,8,9.0,2.0,1.0,0,256
175,6,8,9.0,0.0,4.0,0,256
176,0,8,9.0,3.0,0.0,2,256
177,0,8,9.0,1.0,3.0,1,256
178,4,8,9.0,2.0,1.0,1,256
179,2,8,9.0,0.0,4.0,0,256
180,57,8,9.0,2.0,0.0,1,256
181,0,8,9.0,1.0,4.0,1,256
182,259,8,9.0,1.0,1.0,0,256
183,10,8,9.0,0.0,5.0,0,256
184,13,8,9.0,2.0,0.0,1,256
185,10,8,9.0,0.0,3.0,0,256
186,0,8,9.0,2.0,2.0,1,256
187,1,8,9.0,0.0,5.0,0,256
188,1859,8,9.0,1.0,0.0,0,256
189,14,8,9.0,0.0,4.0,0,256
190,69,8,9.0,1.0,2.0,0,256
191,0,8,9.0,0.0,6.0,0,256
192,0,8,9.0,5.0,1.0,4,256
193,0,8,9.0,2.0,3.0,2,256
194,1,8,9.0,3.0,1.0,1,256
195,39,8,9.0,0.0,3.0,0,256
196,0,8,9.0,4.0,1.0,3,256
197,0,8,9.0,2.0,4.0,2,256
198,69,8,9.0,2.0,1.0,0,256
199,15,8,9.0,0.0,4.0,0,256
200,0,8,9.0,4.0,1.0,2,256
201,14,8,9.0,1.0,3.0,0,256
202,0,8,9.0,3.0,2.0,1,256
203,2,8,9.0,0.0,4.0,0,256
204,1,8,9.0,3.0,1.0,1,256
205,0,8,9.0,1.0,4.0,0,256
206,4,8,9.0,2.0,2.0,0,256
207,2,8,9.0,0.0,5.0,0,256
208,0,8,9.0,3.0,1.0,2,256
209,0,8,9.0,1.0,4.0,1,256
210,0,8,9.0,2.0,2.0,1,256
211,0,8,9.0,0.0,5.0,0,256
212,6,8,9.0,2.0,1.0,1,256
213,0,8,9.0,1.0,5.0,1,256
214,32,8,9.0,1.0,2.0,0,256
215,7,8,9.0,0.0,6.0,0,256
216,6,8,9.0,2.0,1.0,1,256
217,8,8,9.0,0.0,4.0,0,256
218,0,8,9.0,2.0,3.0,1,256
219,0,8,9.0,0.0,6.0,0,256
220,247,8,9.0,1.0,1.0,0,256
221,11,8,9.0,0.0,5.0,0,256
222,7,8,9.0,1.0,3.0,0,256
223,0,8,9.0,0.0,7.0,0,256
224,0,8,9.0,4.0,2.0,4,256
225,0,8,9.0,2.0,5.0,2,256
226,0,8,9.0,2.0,2.0,1,256
227,6,8,9.0,0.0,5.0,0,256
228,0,8,9.0,3.0,2.0,3,256
229,0,8,9.0,2.0,6.0,2,256
230,53,8,9.0,1.0,2.0,0,256
231,11,8,9.0,0.0,6.0,0,256
232,0,8,9.0,3.0,2.0,2,256
233,3,8,9.0,1.0,5.0,0,256
234,0,8,9.0,2.0,3.0,1,256
235,0,8,9.0,0.0,6.0,0,256
236,0,8,9.0,2.0,2.0,1,256
237,0,8,9.0,1.0,6.0,0,256
238,6,8,9.0,1.0,3.0,0,256
239,0,8,9.0,0.0,7.0,0,256
240,0,8,9.0,2.0,2.0,2,256
241,0,8,9.0,1.0,6.0,1,256
242,0,8,9.0,1.0,3.0,1,256
243,0,8,9.0,0.0,7.0,0,256
244,4,8,9.0,1.0,2.0,1,256
245,0,8,9.0,1.0,7.0,1,256
246,23,8,9.0,0.0,3.0,0,256
247,1,8,9.0,0.0,8.0,0,256
248,1,8,9.0,1.0,2.0,1,256
249,2,8,9.0,0.0,6.0,0,256
250,0,8,9.0,1.0,4.0,1,256
251,0,8,9.0,0.0,8.0,0,256
252,180,8,9.0,0.0,2.0,0,256
253,3,8,9.0,0.0,7.0,0,256
254,7,8,9.0,0.0,4.0,0,256
255,0,8,9.0,0.0,9.0,0,256
256,0,8,9.0,9.0,0.0,8,256
257,0,8,9.0,7.0,0.0,5,256
258,0,8,9.0,8.0,0.0,6,256
259,0,8,9.0,6.0,0.0,4,256
260,0,8,9.0,7.0,0.0,5,256
261,0,8,9.0,5.0,0.0,3,256
262,0,8,9.0,6.0,0.0,3,256
263,0,8,9.0,4.0,0.0,2,256
264,0,8,9.0,8.0,0.0,6,256
265,0,8,9.0,6.0,0.0,3,256
266,0,8,9.0,7.0,0.0,4,256
267,0,8,9.0,5.0,0.0,2,256
268,0,8,9.0,6.0,0.0,3,256
269,2,8,9.0,4.0,0.0,1,256
270,0,8,9.0,5.0,0.0,1,256
271,21,8,9.0,3.0,0.0,0,256
272,0,8,9.0,7.0,0.0,5,256
273,0,8,9.0,5.0,0.0,2,256
274,0,8,9.0,6.0,0.0,3,256
275,5,8,9.0,4.0,0.0,1,256
276,0,8,9.0,5.0,0.0,3,256
277,16,8,9.0,3.0,0.0,1,256
278,4,8,9.0,4.0,0.0,1,256
279,675,8,9.0,2.0,0.0,0,256
280,0,8,9.0,7.0,1.0,5,256
281,0,8,9.0,5.0,1.0,2,256
282,0,8,9.0,6.0,1.0,3,256
283,0,8,9.0,4.0,1.0,1,256
284,0,8,9.0,5.0,1.0,3,256
285,2,8,9.0,3.0,1.0,1,256
286,0,8,9.0,4.0,1.0,1,256
287,51,8,9.0,2.0,1.0,0,256
288,0,8,9.0,6.0,0.0,4,256
289,0,8,9.0,5.0,1.0,3,256
290,0,8,9.0,5.0,0.0,2,256
291,0,8,9.0,4.0,1.0,2,256
292,0,8,9.0,5.0,1.0,4,256
293,0,8,9.0,4.0,2.0,3,256
294,0,8,9.0,4.0,1.0,2,256
295,0,8,9.0,3.0,2.0,2,256
296,0,8,9.0,5.0,0.0,2,256
297,0,8,9.0,4.0,1.0,1,256
298,5,8,9.0,4.0,0.0,0,256
299,3,8,9.0,3.0,1.0,0,256
300,0,8,9.0,4.0,1.0,2,256
301,0,8,9.0,3.0,2.0,1,256
302,3,8,9.0,3.0,1.0,0,256
303,2,8,9.0,2.0,2.0,0,256
304,1,8,9.0,4.0,0.0,2,256
305,0,8,9.0,3.0,1.0,1,256
306,79,8,9.0,3.0,0.0,0,256
307,61,8,9.0,2.0,1.0,0,256
308,0,8,9.0,3.0,1.0,2,256
309,0,8,9.0,2.0,2.0,1,256
310,23,8,9.0,2.0,1.0,0,256
311,38,8,9.0,1.0,2.0,0,256
312,0,8,9.0,4.0,1.0,2,256
313,0,8,9.0,3.0,2.0,1,256
314,8,8,9.0,3.0,1.0,0,256
315,5,8,9.0,2.0,2.0,0,256
316,0,8,9.0,3.0,2.0,2,256
317,0,8,9.0,2.0,3.0,1,256
318,2,8,9.0,2.0,2.0,0,256
319,2,8,9.0,1.0,3.0,0,256
320,0,8,9.0,6.0,0.0,4,256
321,0,8,9.0,5.0,1.0,3,256
322,0,8,9.0,6.0,1.0,4,256
323,0,8,9.0,5.0,2.0,3,256
324,0,8,9.0,4.0,0.0,2,256
325,1,8,9.0,3.0,1.0,2,256
326,0,8,9.0,4.0,1.0,2,256
327,0,8,9.0,3.0,2.0,2,256
328,1,8,9.0,5.0,0.0,2,256
329,0,8,9.0,4.0,1.0,1,256
330,0,8,9.0,5.0,1.0,2,256
331,0,8,9.0,4.0,2.0,1,256
332,99,8,9.0,3.0,0.0,0,256
333,57,8,9.0,2.0,1.0,0,256
334,5,8,9.0,3.0,1.0,0,256
335,5,8,9.0,2.0,2.0,0,256
336,4,8,9.0,4.0,0.0,2,256
337,1,8,9.0,3.0,1.0,1,256
338,0,8,9.0,4.0,1.0,2,256
339,0,8,9.0,3.0,2.0,1,256
340,309,8,9.0,2.0,0.0,0,256
341,200,8,9.0,1.0,1.0,0,256
342,19,8,9.0,2.0,1.0,0,256
343,78,8,9.0,1.0,2.0,0,256
344,0,8,9.0,4.0,1.0,2,256
345,0,8,9.0,3.0,2.0,1,256
346,0,8,9.0,4.0,2.0,2,256
347,0,8,9.0,3.0,3.0,1,256
348,42,8,9.0,2.0,1.0,0,256
349,28,8,9.0,1.0,2.0,0,256
350,3,8,9.0,2.0,2.0,0,256
351,6,8,9.0,1.0,3.0,0,256
352,3,8,9.0,3.0,0.0,2,256
353,0,8,9.0,3.0,2.0,2,256
354,0,8,9.0,3.0,1.0,2,256
355,0,8,9.0,3.0,3.0,2,256
356,1,8,9.0,2.0,1.0,2,256
357,0,8,9.0,2.0,3.0,2,256
358,0,8,9.0,2.0,2.0,2,256
359,0,8,9.0,2.0,4.0,2,256
360,508,8,9.0,2.0,0.0,0,256
361,3,8,9.0,2.0,2.0,0,256
362,38,8,9.0,2.0,1.0,0,256
363,0,8,9.0,2.0,3.0,0,256
364,224,8,9.0,1.0,1.0,0,256
365,11,8,9.0,1.0,3.0,0,256
366,14,8,9.0,1.0,2.0,0,256
367,0,8,9.0,1.0,4.0,0,256
368,1513,8,9.0,1.0,0.0,0,256
369,12,8,9.0,1.0,2.0,0,256
370,197,8,9.0,1.0,1.0,0,256
371,16,8,9.0,1.0,3.0,0,256
372,678,8,9.0,0.0,1.0,0,256
373,46,8,9.0,0.0,3.0,0,256
374,57,8,9.0,0.0,2.0,0,256
375,10,8,9.0,0.0,4.0,0,256
376,233,8,9.0,1.0,1.0,0,256
377,0,8,9.0,1.0,3.0,0,256
378,23,8,9.0,1.0,2.0,0,256
379,2,8,9.0,1.0,4.0,0,256
380,101,8,9.0,0.0,2.0,0,256
381,8,8,9.0,0.0,4.0,0,256
382,9,8,9.0,0.0,3.0,0,256
383,1,8,9.0,0.0,5.0,0,256
384,0,8,9.0,5.0,0.0,3,256
385,2,8,9.0,3.0,0.0,2,256
386,1,8,9.0,4.0,0.0,2,256
387,107,8,9.0,2.0,0.0,1,256
388,0,8,9.0,4.0,1.0,3,256
389,0,8,9.0,2.0,1.0,2,256
390,0,8,9.0,3.0,1.0,2,256
391,19,8,9.0,1.0,1.0,1,256
392,2,8,9.0,4.0,0.0,2,256
393,27,8,9.0,2.0,0.0,1,256
394,35,8,9.0,3.0,0.0,1,256
395,2032,8,9.0,1.0,0.0,0,256
396,0,8,9.0,3.0,1.0,2,256
397,6,8,9.0,1.0,1.0,1,256
398,4,8,9.0,2.0,1.0,1,256
399,603,8,9.0,0.0,1.0,0,256
400,0,8,9.0,4.0,1.0,2,256
401,0,8,9.0,2.0,1.0,1,256
402,0,8,9.0,3.0,1.0,1,256
403,116,8,9.0,1.0,1.0,0,256
404,0,8,9.0,3.0,2.0,2,256
405,4,8,9.0,1.0,2.0,1,256
406,1,8,9.0,2.0,2.0,1,256
407,229,8,9.0,0.0,2.0,0,256
408,0,8,9.0,4.0,2.0,2,256
409,0,8,9.0,2.0,2.0,1,256
410,1,8,9.0,3.0,2.0,1,256
411,38,8,9.0,1.0,2.0,0,256
412,0,8,9.0,3.0,3.0,2,256
413,0,8,9.0,1.0,3.0,1,256
414,0,8,9.0,2.0,3.0,1,256
415,48,8,9.0,0.0,3.0,0,256
416,0,8,9.0,3.0,1.0,2,256
417,0,8,9.0,2.0,2.0,2,256
418,9,8,9.0,2.0,1.0,1,256
419,8,8,9.0,1.0,2.0,1,256
420,0,8,9.0,3.0,3.0,2,256
421,0,8,9.0,2.0,4.0,2,256
422,0,8,9.0,2.0,3.0,1,256
423,0,8,9.0,1.0,4.0,1,256
424,10,8,9.0,2.0,1.0,1,256
425,2,8,9.0,1.0,2.0,1,256
426,243,8,9.0,1.0,1.0,0,256
427,152,8,9.0,0.0,2.0,0,256
428,0,8,9.0,2.0,3.0,1,256
429,0,8,9.0,1.0,4.0,1,256
430,8,8,9.0,1.0,3.0,0,256
431,11,8,9.0,0.0,4.0,0,256
432,0,8,9.0,2.0,2.0,1,256
433,0,8,9.0,1.0,3.0,1,256
434,29,8,9.0,1.0,2.0,0,256
435,26,8,9.0,0.0,3.0,0,256
436,0,8,9.0,2.0,4.0,1,256
437,0,8,9.0,1.0,5.0,1,256
438,2,8,9.0,1.0,4.0,0,256
439,6,8,9.0,0.0,5.0,0,256
440,0,8,9.0,2.0,3.0,1,256
441,0,8,9.0,1.0,4.0,1,256
442,10,8,9.0,1.0,3.0,0,256
443,5,8,9.0,0.0,4.0,0,256
444,0,8,9.0,2.0,5.0,1,256
445,0,8,9.0,1.0,6.0,1,256
446,0,8,9.0,1.0,5.0,0,256
447,2,8,9.0,0.0,6.0,0,256
448,1,8,9.0,3.0,1.0,1,256
449,1,8,9.0,2.0,2.0,1,256
450,0,8,9.0,3.0,2.0,1,256
451,0,8,9.0,2.0,3.0,1,256
452,0,8,9.0,2.0,2.0,1,256
453,0,8,9.0,1.0,3.0,1,256
454,0,8,9.0,2.0,3.0,1,256
455,0,8,9.0,1.0,4.0,1,256
456,42,8,9.0,2.0,1.0,0,256
457,22,8,9.0,1.0,2.0,0,256
458,9,8,9.0,2.0,2.0,0,256
459,6,8,9.0,1.0,3.0,0,256
460,48,8,9.0,1.0,2.0,0,256
461,25,8,9.0,0.0,3.0,0,256
462,3,8,9.0,1.0,3.0,0,256
463,11,8,9.0,0.0,4.0,0,256
464,2,8,9.0,2.0,2.0,0,256
465,0,8,9.0,1.0,3.0,0,256
466,0,8,9.0,2.0,3.0,0,256
467,1,8,9.0,1.0,4.0,0,256
468,4,8,9.0,1.0,3.0,0,256
469,6,8,9.0,0.0,4.0,0,256
470,0,8,9.0,1.0,4.0,0,256
471,11,8,9.0,0.0,5.0,0,256
472,2,8,9.0,2.0,3.0,0,256
473,0,8,9.0,1.0,4.0,0,256
474,0,8,9.0,2.0,4.0,0,256
475,0,8,9.0,1.0,5.0,0,256
476,5,8,9.0,1.0,4.0,0,256
477,4,8,9.0,0.0,5.0,0,256
478,0,8,9.0,1.0,5.0,0,256
479,1,8,9.0,0.0,6.0,0,256
480,2,8,9.0,1.0,2.0,1,256
481,0,8,9.0,1.0,4.0,1,256
482,1,8,9.0,1.0,3.0,1,256
483,0,8,9.0,1.0,5.0,1,256
484,0,8,9.0,1.0,4.0,1,256
485,0,8,9.0,1.0,6.0,1,256
486,0,8,9.0,1.0,5.0,1,256
487,0,8,9.0,1.0,7.0,1,256
488,169,8,9.0,0.0,2.0,0,256
489,10,8,9.0,0.0,4.0,0,256
490,49,8,9.0,0.0,3.0,0,256
491,10,8,9.0,0.0,5.0,0,256
492,35,8,9.0,0.0,4.0,0,256
493,2,8,9.0,0.0,6.0,0,256
494,7,8,9.0,0.0,5.0,0,256
495,0,8,9.0,0.0,7.0,0,256
496,16,8,9.0,0.0,3.0,0,256
497,0,8,9.0,0.0,5.0,0,256
498,11,8,9.0,0.0,4.0,0,256
499,2,8,9.0,0.0,6.0,0,256
500,5,8,9.0,0.0,5.0,0,256
501,0,8,9.0,0.0,7.0,0,256
502,0,8,9.0,0.0,6.0,0,256
503,1,8,9.0,0.0,8.0,0,256
504,15,8,9.0,0.0,4.0,0,256
505,0,8,9.0,0.0,6.0,0,256
506,4,8,9.0,0.0,5.0,0,256
507,0,8,9.0,0.0,7.0,0,256
508,4,8,9.0,0.0,6.0,0,256
509,0,8,9.0,0.0,8.0,0,256
510,0,8,9.0,0.0,7.0,0,256
511,0,8,9.0,0.0,9.0,0,256
512,0,8,6.0,6.0,0.0,8,256
513,0,8,6.0,5.0,0.0,6,256
514,0,8,6.0,5.0,0.0,6,256
515,0,8,6.0,4.0,0.0,5,256
516,0,8,6.0,5.0,0.0,6,256
517,0,8,6.0,4.0,0.0,4,256
518,0,8,6.0,4.0,0.0,4,256
519,0,8,6.0,3.0,0.0,3,256
520,1,8,6.0,3.0,0.0,4,256
521,0,8,6.0,3.0,1.0,4,256
522,0,8,6.0,3.0,1.0,4,256
523,0,8,6.0,3.0,2.0,4,256
524,4,8,6.0,2.0,0.0,2,256
525,0,8,6.0,2.0,1.0,2,256
526,0,8,6.0,2.0,1.0,2,256
527,0,8,6.0,2.0,2.0,2,256
528,0,8,6.0,5.0,0.0,6,256
529,0,8,6.0,4.0,0.0,4,256
530,0,8,6.0,4.0,0.0,4,256
531,0,8,6.0,3.0,0.0,3,256
532,0,8,6.0,4.0,0.0,5,256
533,0,8,6.0,3.0,0.0,3,256
534,0,8,6.0,3.0,0.0,3,256
535,1,8,6.0,2.0,0.0,2,256
536,5,8,6.0,2.0,0.0,2,256
537,0,8,6.0,2.0,1.0,2,256
538,1,8,6.0,2.0,1.0,2,256
539,0,8,6.0,2.0,2.0,2,256
540,27,8,6.0,1.0,0.0,1,256
541,2,8,6.0,1.0,1.0,1,256
542,1,8,6.0,1.0,1.0,1,256
543,0,8,6.0,1.0,2.0,1,256
544,0,8,6.0,5.0,0.0,6,256
545,0,8,6.0,4.0,0.0,4,256
546,0,8,6.0,4.0,0.0,4,256
547,0,8,6.0,3.0,0.0,3,256
548,0,8,6.0,4.0,0.0,5,256
549,0,8,6.0,3.0,0.0,3,256
550,0,8,6.0,3.0,0.0,3,256
551,0,8,6.0,2.0,0.0,2,256
552,6,8,6.0,2.0,0.0,2,256
553,0,8,6.0,2.0,1.0,2,256
554,0,8,6.0,2.0,1.0,2,256
555,0,8,6.0,2.0,2.0,2,256
556,29,8,6.0,1.0,0.0,1,256
557,1,8,6.0,1.0,1.0,1,256
558,0,8,6.0,1.0,1.0,1,256
559,0,8,6.0,1.0,2.0,1,256
560,0,8,6.0,4.0,0.0,5,256
561,0,8,6.0,3.0,0.0,3,256
562,0,8,6.0,3.0,0.0,3,256
563,0,8,6.0,2.0,0.0,2,256
564,1,8,6.0,3.0,0.0,4,256
565,7,8,6.0,2.0,0.0,2,256
566,5,8,6.0,2.0,0.0,2,256
567,30,8,6.0,1.0,0.0,1,256
568,27,8,6.0,1.0,0.0,1,256
569,1,8,6.0,1.0,1.0,1,256
570,0,8,6.0,1.0,1.0,1,256
571,0,8,6.0,1.0,2.0,1,256
572,1949,8,6.0,0.0,0.0,0,256
573,128,8,6.0,0.0,1.0,0,256
574,117,8,6.0,0.0,1.0,0,256
575,17,8,6.0,0.0,2.0,0,256
576,0,8,6.0,3.0,0.0,4,256
577,7,8,6.0,2.0,0.0,2,256
578,3,8,6.0,2.0,0.0,2,256
579,25,8,6.0,1.0,0.0,1,256
580,0,8,6.0,3.0,1.0,4,256
581,0,8,6.0,2.0,1.0,2,256
582,0,8,6.0,2.0,1.0,2,256
583,2,8,6.0,1.0,1.0,1,256
584,1820,8,6.0,0.0,0.0,0,256
585,118,8,6.0,0.0,1.0,0,256
586,112,8,6.0,0.0,1.0,0,256
587,17,8,6.0,0.0,2.0,0,256
588,105,8,6.0,0.0,1.0,0,256
589,4,8,6.0,0.0,2.0,0,256
590,6,8,6.0,0.0,2.0,0,256
591,0,8,6.0,0.0,3.0,0,256
592,0,8,6.0,3.0,1.0,4,256
593,1,8,6.0,2.0,1.0,2,256
594,0,8,6.0,2.0,1.0,2,256
595,2,8,6.0,1.0,1.0,1,256
596,0,8,6.0,3.0,2.0,4,256
597,0,8,6.0,2.0,2.0,2,256
598,0,8,6.0,2.0,2.0,2,256
599,0,8,6.0,1.0,2.0,1,256
600,101,8,6.0,0.0,1.0,0,256
601,8,8,6.0,0.0,2.0,0,256
602,4,8,6.0,0.0,2.0,0,256
603,1,8,6.0,0.0,3.0,0,256
604,17,8,6.0,0.0,2.0,0,256
605,0,8,6.0,0.0,3.0,0,256
606,0,8,6.0,0.0,3.0,0,256
607,0,8,6.0,0.0,4.0,0,256
608,0,8,6.0,3.0,1.0,4,256
609,0,8,6.0,2.0,1.0,2,256
610,0,8,6.0,2.0,1.0,2,256
611,1,8,6.0,1.0,1.0,1,256
612,0,8,6.0,3.0,2.0,4,256
613,0,8,6.0,2.0,2.0,2,256
614,0,8,6.0,2.0,2.0,2,256
615,0,8,6.0,1.0,2.0,1,256
616,113,8,6.0,0.0,1.0,0,256
617,6,8,6.0,0.0,2.0,0,256
618,5,8,6.0,0.0,2.0,0,256
619,2,8,6.0,0.0,3.0,0,256
620,21,8,6.0,0.0,2.0,0,256
621,1,8,6.0,0.0,3.0,0,256
622,0,8,6.0,0.0,3.0,0,256
623,0,8,6.0,0.0,4.0,0,256
624,0,8,6.0,3.0,2.0,4,256
625,0,8,6.0,2.0,2.0,2,256
626,0,8,6.0,2.0,2.0,2,256
627,0,8,6.0,1.0,2.0,1,256
628,0,8,6.0,3.0,3.0,4,256
629,0,8,6.0,2.0,3.0,2,256
630,0,8,6.0,2.0,3.0,2,256
631,0,8,6.0,1.0,3.0,1,256
632,21,8,6.0,0.0,2.0,0,256
633,1,8,6.0,0.0,3.0,0,256
634,1,8,6.0,0.0,3.0,0,256
635,0,8,6.0,0.0,4.0,0,256
636,35,8,6.0,0.0,3.0,0,256
637,2,8,6.0,0.0,4.0,0,256
638,1,8,6.0,0.0,4.0,0,256
639,0,8,6.0,0.0,5.0,0,256
640,0,8,6.0,5.0,0.0,6,256
641,0,8,6.0,4.0,0.0,5,256
642,0,8,6.0,4.0,0.0,5,256
643,2,8,6.0,3.0,0.0,4,256
644,0,8,6.0,4.0,0.0,4,256
645,0,8,6.0,3.0,0.0,3,256
646,0,8,6.0,3.0,0.0,3,256
647,5,8,6.0,2.0,0.0,2,256
648,0,8,6.0,3.0,1.0,4,256
649,0,8,6.0,3.0,2.0,4,256
650,0,8,6.0,3.0,2.0,4,256
651,0,8,6.0,3.0,3.0,4,256
652,1,8,6.0,2.0,1.0,2,256
653,0,8,6.0,2.0,2.0,2,256
654,0,8,6.0,2.0,2.0,2,256
655,0,8,6.0,2.0,3.0,2,256
656,0,8,6.0,4.0,0.0,4,256
657,0,8,6.0,3.0,0.0,3,256
658,0,8,6.0,3.0,0.0,3,256
659,9,8,6.0,2.0,0.0,2,256
660,0,8,6.0,3.0,0.0,3,256
661,0,8,6.0,2.0,0.0,2,256
662,0,8,6.0,2.0,0.0,2,256
663,25,8,6.0,1.0,0.0,1,256
664,0,8,6.0,2.0,1.0,2,256
665,0,8,6.0,2.0,2.0,2,256
666,0,8,6.0,2.0,2.0,2,256
667,0,8,6.0,2.0,3.0,2,256
668,0,8,6.0,1.0,1.0,1,256
669,0,8,6.0,1.0,2.0,1,256
670,0,8,6.0,1.0,2.0,1,256
671,0,8,6.0,1.0,3.0,1,256
672,0,8,6.0,4.0,0.0,4,256
673,0,8,6.0,3.0,0.0,3,256
674,0,8,6.0,3.0,0.0,3,256
675,8,8,6.0,2.0,0.0,2,256
676,0,8,6.0,3.0,0.0,3,256
677,0,8,6.0,2.0,0.0,2,256
678,0,8,6.0,2.0,0.0,2,256
679,28,8,6.0,1.0,0.0,1,256
680,1,8,6.0,2.0,1.0,2,256
681,0,8,6.0,2.0,2.0,2,256
682,0,8,6.0,2.0,2.0,2,256
683,0,8,6.0,2.0,3.0,2,256
684,1,8,6.0,1.0,1.0,1,256
685,0,8,6.0,1.0,2.0,1,256
686,0,8,6.0,1.0,2.0,1,256
687,0,8,6.0,1.0,3.0,1,256
688,0,8,6.0,3.0,0.0,3,256
689,0,8,6.0,2.0,0.0,2,256
690,0,8,6.0,2.0,0.0,2,256
691,27,8,6.0,1.0,0.0,1,256
692,5,8,6.0,2.0,0.0,2,256
693,26,8,6.0,1.0,0.0,1,256
694,25,8,6.0,1.0,0.0,1,256
695,2019,8,6.0,0.0,0.0,0,256
696,2,8,6.0,1.0,1.0,1,256
697,0,8,6.0,1.0,2.0,1,256
698,0,8,6.0,1.0,2.0,1,256
699,0,8,6.0,1.0,3.0,1,256
700,113,8,6.0,0.0,1.0,0,256
701,19,8,6.0,0.0,2.0,0,256
702,22,8,6.0,0.0,2.0,0,256
703,29,8,6.0,0.0,3.0,0,256
704,5,8,6.0,2.0,0.0,2,256
705,27,8,6.0,1.0,0.0,1,256
706,23,8,6.0,1.0,0.0,1,256
707,1923,8,6.0,0.0,0.0,0,256
708,0,8,6.0,2.0,1.0,2,256
709,0,8,6.0,1.0,1.0,1,256
710,1,8,6.0,1.0,1.0,1,256
711,105,8,6.0,0.0,1.0,0,256
712,110,8,6.0,0.0,1.0,0,256
713,14,8,6.0,0.0,2.0,0,256
714,19,8,6.0,0.0,2.0,0,256
715,31,8,6.0,0.0,3.0,0,256
716,5,8,6.0,0.0,2.0,0,256
717,1,8,6.0,0.0,3.0,0,256
718,1,8,6.0,0.0,3.0,0,256
719,2,8,6.0,0.0,4.0,0,256
720,0,8,6.0,2.0,1.0,2,256
721,1,8,6.0,1.0,1.0,1,256
722,0,8,6.0,1.0,1.0,1,256
723,109,8,6.0,0.0,1.0,0,256
724,0,8,6.0,2.0,2.0,2,256
725,0,8,6.0,1.0,2.0,1,256
726,0,8,6.0,1.0,2.0,1,256
727,20,8,6.0,0.0,2.0,0,256
728,5,8,6.0,0.0,2.0,0,256
729,0,8,6.0,0.0,3.0,0,256
730,1,8,6.0,0.0,3.0,0,256
731,2,8,6.0,0.0,4.0,0,256
732,1,8,6.0,0.0,3.0,0,256
733,1,8,6.0,0.0,4.0,0,256
734,0,8,6.0,0.0,4.0,0,256
735,0,8,6.0,0.0,5.0,0,256
736,0,8,6.0,2.0,1.0,2,256
737,0,8,6.0,1.0,1.0,1,256
738,1,8,6.0,1.0,1.0,1,256
739,115,8,6.0,0.0,1.0,0,256
740,0,8,6.0,2.0,2.0,2,256
741,0,8,6.0,1.0,2.0,1,256
742,0,8,6.0,1.0,2.0,1,256
743,24,8,6.0,0.0,2.0,0,256
744,5,8,6.0,0.0,2.0,0,256
745,1,8,6.0,0.0,3.0,0,256
746,1,8,6.0,0.0,3.0,0,256
747,3,8,6.0,0.0,4.0,0,256
748,1,8,6.0,0.0,3.0,0,256
749,0,8,6.0,0.0,4.0,0,256
750,0,8,6.0,0.0,4.0,0,256
751,0,8,6.0,0.0,5.0,0,256
752,0,8,6.0,2.0,2.0,2,256
753,0,8,6.0,1.0,2.0,1,256
754,0,8,6.0,1.0,2.0,1,256
755,24,8,6.0,0.0,2.0,0,256
756,0,8,6.0,2.0,3.0,2,256
757,0,8,6.0,1.0,3.0,1,256
758,1,8,6.0,1.0,3.0,1,256
759,35,8,6.0,0.0,3.0,0,256
760,1,8,6.0,0.0,3.0,0,256
761,0,8,6.0,0.0,4.0,0,256
762,0,8,6.0,0.0,4.0,0,256
763,0,8,6.0,0.0,5.0,0,256
764,1,8,6.0,0.0,4.0,0,256
765,0,8,6.0,0.0,5.0,0,256
766,0,8,6.0,0.0,5.0,0,256
767,0,8,6.0,0.0,6.0,0,256
768,0,8,8.0,8.0,0.0,8,256
769,0,8,8.0,5.0,0.0,4,256
770,0,8,8.0,7.0,0.0,6,256
771,0,8,8.0,4.0,0.0,2,256
772,0,8,8.0,6.0,0.0,5,256
773,0,8,8.0,4.0,1.0,3,256
774,0,8,8.0,5.0,0.0,3,256
775,0,8,8.0,3.0,1.0,1,256
776,0,8,8.0,6.0,0.0,5,256
777,0,8,8.0,4.0,1.0,3,256
778,0,8,8.0,5.0,0.0,4,256
779,0,8,8.0,3.0,1.0,2,256
780,0,8,8.0,4.0,0.0,3,256
781,0,8,8.0,3.0,2.0,2,256
782,0,8,8.0,3.0,0.0,2,256
783,0,8,8.0,2.0,2.0,1,256
784,0,8,8.0,6.0,0.0,5,256
785,1,8,8.0,3.0,0.0,3,256
786,0,8,8.0,5.0,0.0,3,256
787,20,8,8.0,2.0,0.0,1,256
788,0,8,8.0,5.0,1.0,4,256
789,0,8,8.0,3.0,2.0,3,256
790,0,8,8.0,4.0,1.0,2,256
791,0,8,8.0,2.0,2.0,1,256
792,0,8,8.0,4.0,0.0,2,256
793,1,8,8.0,2.0,1.0,2,256
794,1,8,8.0,3.0,0.0,1,256
795,7,8,8.0,1.0,1.0,1,256
796,0,8,8.0,3.0,1.0,2,256
797,0,8,8.0,2.0,3.0,2,256
798,0,8,8.0,2.0,1.0,1,256
799,1,8,8.0,1.0,3.0,1,256
800,0,8,8.0,6.0,0.0,5,256
801,0,8,8.0,4.0,1.0,3,256
802,0,8,8.0,5.0,0.0,3,256
803,0,8,8.0,3.0,1.0,1,256
804,0,8,8.0,4.0,0.0,4,256
805,0,8,8.0,3.0,2.0,3,256
806,1,8,8.0,3.0,0.0,2,256
807,1,8,8.0,2.0,2.0,1,256
808,0,8,8.0,4.0,0.0,3,256
809,0,8,8.0,3.0,2.0,2,256
810,0,8,8.0,3.0,0.0,2,256
811,0,8,8.0,2.0,2.0,1,256
812,12,8,8.0,2.0,0.0,2,256
813,0,8,8.0,2.0,3.0,2,256
814,27,8,8.0,1.0,0.0,1,256
815,0,8,8.0,1.0,3.0,1,256
816,0,8,8.0,5.0,1.0,4,256
817,0,8,8.0,3.0,2.0,3,256
818,0,8,8.0,4.0,1.0,2,256
819,0,8,8.0,2.0,2.0,1,256
820,0,8,8.0,4.0,2.0,4,256
821,0,8,8.0,3.0,4.0,3,256
822,0,8,8.0,3.0,2.0,2,256
823,0,8,8.0,2.0,4.0,1,256
824,0,8,8.0,3.0,1.0,2,256
825,0,8,8.0,2.0,3.0,2,256
826,1,8,8.0,2.0,1.0,1,256
827,0,8,8.0,1.0,3.0,1,256
828,0,8,8.0,2.0,2.0,2,256
829,0,8,8.0,2.0,5.0,2,256
830,1,8,8.0,1.0,2.0,1,256
831,0,8,8.0,1.0,5.0,1,256
832,0,8,8.0,7.0,0.0,6,256
833,0,8,8.0,4.0,0.0,2,256
834,0,8,8.0,6.0,0.0,5,256
835,14,8,8.0,3.0,0.0,1,256
836,0,8,8.0,5.0,0.0,3,256
837,0,8,8.0,3.0,1.0,1,256
838,0,8,8.0,4.0,0.0,2,256
839,11,8,8.0,2.0,1.0,0,256
840,0,8,8.0,5.0,0.0,4,256
841,0,8,8.0,3.0,1.0,2,256
842,0,8,8.0,4.0,0.0,3,256
843,4,8,8.0,2.0,1.0,1,256
844,0,8,8.0,3.0,0.0,2,256
845,0,8,8.0,2.0,2.0,1,256
846,25,8,8.0,2.0,0.0,1,256
847,9,8,8.0,1.0,2.0,0,256
848,0,8,8.0,5.0,0.0,3,256
849,18,8,8.0,2.0,0.0,1,256
850,0,8,8.0,4.0,0.0,2,256
851,857,8,8.0,1.0,0.0,0,256
852,0,8,8.0,4.0,1.0,2,256
853,0,8,8.0,2.0,2.0,1,256
854,0,8,8.0,3.0,1.0,1,256
855,13,8,8.0,1.0,2.0,0,256
856,0,8,8.0,3.0,0.0,1,256
857,10,8,8.0,1.0,1.0,1,256
858,100,8,8.0,2.0,0.0,0,256
859,723,8,8.0,0.0,1.0,0,256
860,1,8,8.0,2.0,1.0,1,256
861,1,8,8.0,1.0,3.0,1,256
862,84,8,8.0,1.0,1.0,0,256
863,60,8,8.0,0.0,3.0,0,256
864,0,8,8.0,5.0,0.0,3,256
865,0,8,8.0,3.0,1.0,1,256
866,0,8,8.0,4.0,0.0,2,256
867,12,8,8.0,2.0,1.0,0,256
868,2,8,8.0,3.0,0.0,2,256
869,0,8,8.0,2.0,2.0,1,256
870,14,8,8.0,2.0,0.0,1,256
871,9,8,8.0,1.0,2.0,0,256
872,0,8,8.0,3.0,0.0,2,256
873,0,8,8.0,2.0,2.0,1,256
874,26,8,8.0,2.0,0.0,1,256
875,8,8,8.0,1.0,2.0,0,256
876,34,8,8.0,1.0,0.0,1,256
877,0,8,8.0,1.0,3.0,1,256
878,2470,8,8.0,0.0,0.0,0,256
879,14,8,8.0,0.0,3.0,0,256
880,0,8,8.0,4.0,1.0,2,256
881,0,8,8.0,2.0,2.0,1,256
882,0,8,8.0,3.0,1.0,1,256
883,14,8,8.0,1.0,2.0,0,256
884,0,8,8.0,3.0,2.0,2,256
885,0,8,8.0,2.0,4.0,1,256
886,0,8,8.0,2.0,2.0,1,256
887,3,8,8.0,1.0,4.0,0,256
888,1,8,8.0,2.0,1.0,1,256
889,0,8,8.0,1.0,3.0,1,256
890,71,8,8.0,1.0,1.0,0,256
891,45,8,8.0,0.0,3.0,0,256
892,0,8,8.0,1.0,2.0,1,256
893,0,8,8.0,1.0,5.0,1,256
894,103,8,8.0,0.0,2.0,0,256
895,9,8,8.0,0.0,5.0,0,256
896,0,8,8.0,5.0,0.0,4,256
897,39,8,8.0,2.0,0.0,1,256
898,0,8,8.0,5.0,1.0,4,256
899,1,8,8.0,2.0,1.0,1,256
900,5,8,8.0,3.0,0.0,1,256
901,55,8,8.0,1.0,1.0,0,256
902,0,8,8.0,3.0,1.0,1,256
903,4,8,8.0,1.0,2.0,0,256
904,0,8,8.0,4.0,1.0,3,256
905,0,8,8.0,2.0,2.0,1,256
906,0,8,8.0,4.0,2.0,3,256
907,0,8,8.0,2.0,3.0,1,256
908,2,8,8.0,2.0,1.0,1,256
909,2,8,8.0,1.0,3.0,0,256
910,0,8,8.0,2.0,2.0,1,256
911,0,8,8.0,1.0,4.0,0,256
912,7,8,8.0,3.0,0.0,1,256
913,2283,8,8.0,0.0,0.0,0,256
914,0,8,8.0,3.0,1.0,1,256
915,145,8,8.0,0.0,1.0,0,256
916,6,8,8.0,2.0,1.0,0,256
917,56,8,8.0,0.0,2.0,0,256
918,0,8,8.0,2.0,2.0,0,256
919,2,8,8.0,0.0,3.0,0,256
920,5,8,8.0,2.0,1.0,0,256
921,37,8,8.0,0.0,2.0,0,256
922,1,8,8.0,2.0,2.0,0,256
923,7,8,8.0,0.0,3.0,0,256
924,7,8,8.0,1.0,2.0,0,256
925,4,8,8.0,0.0,4.0,0,256
926,0,8,8.0,1.0,3.0,0,256
927,1,8,8.0,0.0,5.0,0,256
928,4,8,8.0,3.0,0.0,1,256
929,55,8,8.0,1.0,1.0,0,256
930,0,8,8.0,3.0,1.0,1,256
931,5,8,8.0,1.0,2.0,0,256
932,1080,8,8.0,1.0,0.0,0,256
933,105,8,8.0,0.0,2.0,0,256
934,53,8,8.0,1.0,1.0,0,256
935,3,8,8.0,0.0,3.0,0,256
936,3,8,8.0,2.0,1.0,1,256
937,3,8,8.0,1.0,3.0,0,256
938,0,8,8.0,2.0,2.0,1,256
939,1,8,8.0,1.0,4.0,0,256
940,483,8,8.0,0.0,1.0,0,256
941,12,8,8.0,0.0,4.0,0,256
942,45,8,8.0,0.0,2.0,0,256
943,1,8,8.0,0.0,5.0,0,256
944,6,8,8.0,2.0,1.0,0,256
945,59,8,8.0,0.0,2.0,0,256
946,0,8,8.0,2.0,2.0,0,256
947,4,8,8.0,0.0,3.0,0,256
948,17,8,8.0,1.0,2.0,0,256
949,21,8,8.0,0.0,4.0,0,256
950,1,8,8.0,1.0,3.0,0,256
951,1,8,8.0,0.0,5.0,0,256
952,3,8,8.0,1.0,2.0,0,256
953,3,8,8.0,0.0,4.0,0,256
954,0,8,8.0,1.0,3.0,0,256
955,0,8,8.0,0.0,5.0,0,256
956,11,8,8.0,0.0,3.0,0,256
957,2,8,8.0,0.0,6.0,0,256
958,1,8,8.0,0.0,4.0,0,256
959,0,8,8.0,0.0,7.0,0,256
960,0,8,8.0,5.0,1.0,4,256
961,2,8,8.0,2.0,1.0,1,256
962,0,8,8.0,5.0,2.0,4,256
963,2,8,8.0,2.0,2.0,1,256
964,0,8,8.0,3.0,1.0,1,256
965,2,8,8.0,1.0,2.0,0,256
966,0,8,8.0,3.0,2.0,1,256
967,0,8,8.0,1.0,3.0,0,256
968,0,8,8.0,4.0,2.0,3,256
969,0,8,8.0,2.0,3.0,1,256
970,0,8,8.0,4.0,3.0,3,256
971,1,8,8.0,2.0,4.0,1,256
972,0,8,8.0,2.0,2.0,1,256
973,0,8,8.0,1.0,4.0,0,256
974,0,8,8.0,2.0,3.0,1,256
975,0,8,8.0,1.0,5.0,0,256
976,0,8,8.0,3.0,1.0,1,256
977,133,8,8.0,0.0,1.0,0,256
978,0,8,8.0,3.0,2.0,1,256
979,98,8,8.0,0.0,2.0,0,256
980,0,8,8.0,2.0,2.0,0,256
981,2,8,8.0,0.0,3.0,0,256
982,0,8,8.0,2.0,3.0,0,256
983,2,8,8.0,0.0,4.0,0,256
984,0,8,8.0,2.0,2.0,0,256
985,5,8,8.0,0.0,3.0,0,256
986,0,8,8.0,2.0,3.0,0,256
987,26,8,8.0,0.0,4.0,0,256
988,0,8,8.0,1.0,3.0,0,256
989,0,8,8.0,0.0,5.0,0,256
990,1,8,8.0,1.0,4.0,0,256
991,0,8,8.0,0.0,6.0,0,256
992,0,8,8.0,3.0,1.0,1,256
993,4,8,8.0,1.0,2.0,0,256
994,0,8,8.0,3.0,2.0,1,256
995,1,8,8.0,1.0,3.0,0,256
996,49,8,8.0,1.0,1.0,0,256
997,6,8,8.0,0.0,3.0,0,256
998,11,8,8.0,1.0,2.0,0,256
999,1,8,8.0,0.0,4.0,0,256
1000,0,8,8.0,2.0,2.0,1,256
1001,0,8,8.0,1.0,4.0,0,256
1002,0,8,8.0,2.0,3.0,1,256
1003,1,8,8.0,1.0,5.0,0,256
1004,43,8,8.0,0.0,2.0,0,256
1005,0,8,8.0,0.0,5.0,0,256
1006,34,8,8.0,0.0,3.0,0,256
1007,0,8,8.0,0.0,6.0,0,256
1008,0,8,8.0,2.0,2.0,0,256
1009,4,8,8.0,0.0,3.0,0,256
1010,0,8,8.0,2.0,3.0,0,256
1011,1,8,8.0,0.0,4.0,0,256
1012,0,8,8.0,1.0,3.0,0,256
1013,1,8,8.0,0.0,5.0,0,256
1014,0,8,8.0,1.0,4.0,0,256
1015,0,8,8.0,0.0,6.0,0,256
1016,1,8,8.0,1.0,3.0,0,256
1017,0,8,8.0,0.0,5.0,0,256
1018,0,8,8.0,1.0,4.0,0,256
1019,1,8,8.0,0.0,6.0,0,256
1020,1,8,8.0,0.0,4.0,0,256
1021,0,8,8.0,0.0,7.0,0,256
1022,0,8,8.0,0.0,5.0,0,256
1023,0,8,8.0,0.0,8.0,0,256
1024,0,8,8.0,8.0,0.0,8,256
1025,0,8,8.0,6.0,0.0,5,256
1026,0,8,8.0,5.0,0.0,4,256
1027,0,8,8.0,4.0,1.0,3,256
1028,0,8,8.0,6.0,0.0,5,256
1029,0,8,8.0,4.0,0.0,4,256
1030,0,8,8.0,4.0,1.0,3,256
1031,0,8,8.0,3.0,2.0,3,256
1032,0,8,8.0,7.0,0.0,6,256
1033,0,8,8.0,5.0,0.0,3,256
1034,0,8,8.0,4.0,0.0,2,256
1035,0,8,8.0,3.0,1.0,1,256
1036,0,8,8.0,5.0,0.0,3,256
1037,0,8,8.0,3.0,0.0,2,256
1038,0,8,8.0,3.0,1.0,1,256
1039,0,8,8.0,2.0,2.0,1,256
1040,0,8,8.0,5.0,0.0,4,256
1041,0,8,8.0,4.0,1.0,3,256
1042,7,8,8.0,2.0,0.0,2,256
1043,0,8,8.0,2.0,2.0,2,256
1044,0,8,8.0,4.0,1.0,3,256
1045,0,8,8.0,3.0,2.0,3,256
1046,0,8,8.0,2.0,2.0,2,256
1047,0,8,8.0,2.0,4.0,2,256
1048,0,8,8.0,4.0,0.0,2,256
1049,0,8,8.0,3.0,1.0,1,256
1050,593,8,8.0,1.0,0.0,0,256
1051,4,8,8.0,1.0,2.0,0,256
1052,0,8,8.0,3.0,1.0,1,256
1053,0,8,8.0,2.0,2.0,1,256
1054,4,8,8.0,1.0,2.0,0,256
1055,0,8,8.0,1.0,4.0,0,256
1056,0,8,8.0,6.0,0.0,5,256
1057,0,8,8.0,4.0,0.0,3,256
1058,0,8,8.0,4.0,1.0,3,256
1059,0,8,8.0,3.0,2.0,2,256
1060,0,8,8.0,4.0,0.0,3,256
1061,2,8,8.0,2.0,0.0,2,256
1062,0,8,8.0,3.0,2.0,2,256
1063,0,8,8.0,2.0,3.0,2,256
1064,0,8,8.0,5.0,0.0,4,256
1065,1,8,8.0,3.0,0.0,2,256
1066,0,8,8.0,3.0,1.0,2,256
1067,0,8,8.0,2.0,2.0,1,256
1068,2,8,8.0,3.0,0.0,2,256
1069,25,8,8.0,1.0,0.0,1,256
1070,0,8,8.0,2.0,2.0,1,256
1071,0,8,8.0,1.0,3.0,1,256
1072,5,8,8.0,3.0,0.0,1,256
1073,4,8,8.0,2.0,1.0,1,256
1074,15,8,8.0,1.0,1.0,1,256
1075,2,8,8.0,1.0,3.0,1,256
1076,6,8,8.0,2.0,1.0,1,256
1077,4,8,8.0,1.0,2.0,1,256
1078,1,8,8.0,1.0,3.0,1,256
1079,0,8,8.0,1.0,5.0,1,256
1080,147,8,8.0,2.0,0.0,0,256
1081,103,8,8.0,1.0,1.0,0,256
1082,657,8,8.0,0.0,1.0,0,256
1083,45,8,8.0,0.0,3.0,0,256
1084,116,8,8.0,1.0,1.0,0,256
1085,87,8,8.0,0.0,2.0,0,256
1086,46,8,8.0,0.0,3.0,0,256
1087,11,8,8.0,0.0,5.0,0,256
1088,0,8,8.0,6.0,0.0,5,256
1089,1,8,8.0,4.0,0.0,2,256
1090,1,8,8.0,3.0,0.0,2,256
1091,1,8,8.0,2.0,1.0,1,256
1092,0,8,8.0,4.0,0.0,2,256
1093,9,8,8.0,2.0,0.0,1,256
1094,1,8,8.0,2.0,1.0,1,256
1095,0,8,8.0,1.0,2.0,1,256
1096,0,8,8.0,6.0,1.0,5,256
1097,0,8,8.0,4.0,1.0,2,256
1098,0,8,8.0,3.0,1.0,2,256
1099,0,8,8.0,2.0,2.0,1,256
1100,0,8,8.0,4.0,1.0,2,256
1101,0,8,8.0,2.0,1.0,1,256
1102,0,8,8.0,2.0,2.0,1,256
1103,0,8,8.0,1.0,3.0,1,256
1104,6,8,8.0,3.0,0.0,1,256
1105,8,8,8.0,2.0,1.0,0,256
1106,2199,8,8.0,0.0,0.0,0,256
1107,28,8,8.0,0.0,2.0,0,256
1108,7,8,8.0,2.0,1.0,0,256
1109,7,8,8.0,1.0,2.0,0,256
1110,31,8,8.0,0.0,2.0,0,256
1111,6,8,8.0,0.0,4.0,0,256
1112,1,8,8.0,3.0,1.0,1,256
1113,0,8,8.0,2.0,2.0,0,256
1114,286,8,8.0,0.0,1.0,0,256
1115,3,8,8.0,0.0,3.0,0,256
1116,0,8,8.0,2.0,2.0,0,256
1117,0,8,8.0,1.0,3.0,0,256
1118,3,8,8.0,0.0,3.0,0,256
1119,0,8,8.0,0.0,5.0,0,256
1120,0,8,8.0,5.0,1.0,4,256
1121,0,8,8.0,3.0,1.0,2,256
1122,0,8,8.0,3.0,2.0,2,256
1123,0,8,8.0,2.0,3.0,1,256
1124,0,8,8.0,3.0,1.0,2,256
1125,4,8,8.0,1.0,1.0,1,256
1126,0,8,8.0,2.0,3.0,1,256
1127,0,8,8.0,1.0,4.0,1,256
1128,0,8,8.0,5.0,2.0,4,256
1129,0,8,8.0,3.0,2.0,2,256
1130,0,8,8.0,3.0,3.0,2,256
1131,0,8,8.0,2.0,4.0,1,256
1132,0,8,8.0,3.0,2.0,2,256
1133,0,8,8.0,1.0,2.0,1,256
1134,0,8,8.0,2.0,4.0,1,256
1135,0,8,8.0,1.0,5.0,1,256
1136,6,8,8.0,2.0,1.0,0,256
1137,8,8,8.0,1.0,2.0,0,256
1138,36,8,8.0,0.0,2.0,0,256
1139,2,8,8.0,0.0,4.0,0,256
1140,10,8,8.0,1.0,2.0,0,256
1141,7,8,8.0,0.0,3.0,0,256
1142,6,8,8.0,0.0,4.0,0,256
1143,1,8,8.0,0.0,6.0,0,256
1144,3,8,8.0,2.0,2.0,0,256
1145,1,8,8.0,1.0,3.0,0,256
1146,35,8,8.0,0.0,3.0,0,256
1147,2,8,8.0,0.0,5.0,0,256
1148,3,8,8.0,1.0,3.0,0,256
1149,0,8,8.0,0.0,4.0,0,256
1150,1,8,8.0,0.0,5.0,0,256
1151,0,8,8.0,0.0,7.0,0,256
1152,0,8,8.0,7.0,0.0,6,256
1153,0,8,8.0,5.0,0.0,4,256
1154,0,8,8.0,4.0,0.0,2,256
1155,0,8,8.0,3.0,1.0,2,256
1156,0,8,8.0,5.0,0.0,4,256
1157,1,8,8.0,3.0,0.0,3,256
1158,0,8,8.0,3.0,1.0,2,256
1159,0,8,8.0,2.0,2.0,2,256
1160,0,8,8.0,6.0,0.0,4,256
1161,0,8,8.0,4.0,0.0,2,256
1162,31,8,8.0,3.0,0.0,0,256
1163,20,8,8.0,2.0,1.0,0,256
1164,0,8,8.0,4.0,0.0,2,256
1165,18,8,8.0,2.0,0.0,1,256
1166,22,8,8.0,2.0,1.0,0,256
1167,12,8,8.0,1.0,2.0,0,256
1168,0,8,8.0,5.0,1.0,4,256
1169,0,8,8.0,4.0,2.0,3,256
1170,0,8,8.0,2.0,1.0,2,256
1171,0,8,8.0,2.0,3.0,2,256
1172,0,8,8.0,4.0,2.0,3,256
1173,0,8,8.0,3.0,3.0,3,256
1174,0,8,8.0,2.0,3.0,2,256
1175,0,8,8.0,2.0,5.0,2,256
1176,0,8,8.0,4.0,1.0,2,256
1177,0,8,8.0,3.0,2.0,1,256
1178,67,8,8.0,1.0,1.0,0,256
1179,8,8,8.0,1.0,3.0,0,256
1180,0,8,8.0,3.0,2.0,1,256
1181,0,8,8.0,2.0,3.0,1,256
1182,6,8,8.0,1.0,3.0,0,256
1183,2,8,8.0,1.0,5.0,0,256
1184,0,8,8.0,5.0,0.0,3,256
1185,0,8,8.0,3.0,0.0,2,256
1186,0,8,8.0,3.0,1.0,1,256
1187,0,8,8.0,2.0,2.0,1,256
1188,0,8,8.0,3.0,0.0,2,256
1189,91,8,8.0,1.0,0.0,1,256
1190,0,8,8.0,2.0,2.0,1,256
1191,0,8,8.0,1.0,3.0,1,256
1192,0,8,8.0,4.0,0.0,2,256
1193,12,8,8.0,2.0,0.0,1,256
1194,13,8,8.0,2.0,1.0,0,256
1195,11,8,8.0,1.0,2.0,0,256
1196,14,8,8.0,2.0,0.0,1,256
1197,2410,8,8.0,0.0,0.0,0,256
1198,9,8,8.0,1.0,2.0,0,256
1199,13,8,8.0,0.0,3.0,0,256
1200,0,8,8.0,3.0,1.0,1,256
1201,0,8,8.0,2.0,2.0,1,256
1202,0,8,8.0,1.0,2.0,1,256
1203,0,8,8.0,1.0,4.0,1,256
1204,0,8,8.0,2.0,2.0,1,256
1205,1,8,8.0,1.0,3.0,1,256
1206,0,8,8.0,1.0,4.0,1,256
1207,0,8,8.0,1.0,6.0,1,256
1208,7,8,8.0,2.0,1.0,0,256
1209,14,8,8.0,1.0,2.0,0,256
1210,54,8,8.0,0.0,2.0,0,256
1211,11,8,8.0,0.0,4.0,0,256
1212,11,8,8.0,1.0,2.0,0,256
1213,31,8,8.0,0.0,3.0,0,256
1214,5,8,8.0,0.0,4.0,0,256
1215,3,8,8.0,0.0,6.0,0,256
1216,0,8,8.0,5.0,0.0,3,256
1217,2,8,8.0,3.0,0.0,1,256
1218,99,8,8.0,2.0,0.0,0,256
1219,88,8,8.0,1.0,1.0,0,256
1220,5,8,8.0,3.0,0.0,1,256
1221,951,8,8.0,1.0,0.0,0,256
1222,84,8,8.0,1.0,1.0,0,256
1223,129,8,8.0,0.0,2.0,0,256
1224,0,8,8.0,5.0,1.0,3,256
1225,0,8,8.0,3.0,1.0,1,256
1226,12,8,8.0,2.0,1.0,0,256
1227,11,8,8.0,1.0,2.0,0,256
1228,0,8,8.0,3.0,1.0,1,256
1229,63,8,8.0,1.0,1.0,0,256
1230,10,8,8.0,1.0,2.0,0,256
1231,9,8,8.0,0.0,3.0,0,256
1232,0,8,8.0,3.0,1.0,1,256
1233,1,8,8.0,2.0,2.0,0,256
1234,260,8,8.0,0.0,1.0,0,256
1235,39,8,8.0,0.0,3.0,0,256
1236,2,8,8.0,2.0,2.0,0,256
1237,8,8,8.0,1.0,3.0,0,256
1238,26,8,8.0,0.0,3.0,0,256
1239,16,8,8.0,0.0,5.0,0,256
1240,0,8,8.0,3.0,2.0,1,256
1241,0,8,8.0,2.0,3.0,0,256
1242,30,8,8.0,0.0,2.0,0,256
1243,3,8,8.0,0.0,4.0,0,256
1244,0,8,8.0,2.0,3.0,0,256
1245,0,8,8.0,1.0,4.0,0,256
1246,2,8,8.0,0.0,4.0,0,256
1247,2,8,8.0,0.0,6.0,0,256
1248,0,8,8.0,4.0,1.0,2,256
1249,1,8,8.0,2.0,1.0,1,256
1250,1,8,8.0,2.0,2.0,0,256
1251,1,8,8.0,1.0,3.0,0,256
1252,1,8,8.0,2.0,1.0,1,256
1253,441,8,8.0,0.0,1.0,0,256
1254,2,8,8.0,1.0,3.0,0,256
1255,10,8,8.0,0.0,4.0,0,256
1256,0,8,8.0,4.0,2.0,2,256
1257,0,8,8.0,2.0,2.0,1,256
1258,1,8,8.0,2.0,3.0,0,256
1259,1,8,8.0,1.0,4.0,0,256
1260,0,8,8.0,2.0,2.0,1,256
1261,83,8,8.0,0.0,2.0,0,256
1262,0,8,8.0,1.0,4.0,0,256
1263,1,8,8.0,0.0,5.0,0,256
1264,0,8,8.0,2.0,2.0,0,256
1265,0,8,8.0,1.0,3.0,0,256
1266,3,8,8.0,0.0,3.0,0,256
1267,0,8,8.0,0.0,5.0,0,256
1268,1,8,8.0,1.0,3.0,0,256
1269,3,8,8.0,0.0,4.0,0,256
1270,1,8,8.0,0.0,5.0,0,256
1271,0,8,8.0,0.0,7.0,0,256
1272,0,8,8.0,2.0,3.0,0,256
1273,1,8,8.0,1.0,4.0,0,256
1274,2,8,8.0,0.0,4.0,0,256
1275,0,8,8.0,0.0,6.0,0,256
1276,0,8,8.0,1.0,4.0,0,256
1277,0,8,8.0,0.0,5.0,0,256
1278,0,8,8.0,0.0,6.0,0,256
1279,1,8,8.0,0.0,8.0,0,256
1280,0,8,9.0,9.0,0.0,8,256
1281,0,8,9.0,7.0,0.0,5,256
1282,0,8,9.0,7.0,0.0,5,256
1283,0,8,9.0,6.0,1.0,4,256
1284,0,8,9.0,7.0,0.0,5,256
1285,0,8,9.0,5.0,0.0,2,256
1286,0,8,9.0,5.0,0.0,3,256
1287,0,8,9.0,4.0,1.0,2,256
1288,0,8,9.0,8.0,0.0,6,256
1289,0,8,9.0,6.0,0.0,3,256
1290,0,8,9.0,6.0,0.0,3,256
1291,0,8,9.0,5.0,1.0,2,256
1292,0,8,9.0,6.0,0.0,3,256
1293,3,8,9.0,4.0,0.0,0,256
1294,1,8,9.0,4.0,0.0,1,256
1295,1,8,9.0,3.0,1.0,0,256
1296,0,8,9.0,6.0,0.0,4,256
1297,0,8,9.0,4.0,0.0,2,256
1298,0,8,9.0,5.0,1.0,3,256
1299,0,8,9.0,4.0,2.0,2,256
1300,0,8,9.0,5.0,1.0,4,256
1301,0,8,9.0,3.0,1.0,2,256
1302,0,8,9.0,4.0,2.0,3,256
1303,0,8,9.0,3.0,3.0,2,256
1304,0,8,9.0,5.0,0.0,2,256
1305,36,8,9.0,3.0,0.0,0,256
1306,0,8,9.0,4.0,1.0,1,256
1307,0,8,9.0,3.0,2.0,0,256
1308,0,8,9.0,4.0,1.0,2,256
1309,22,8,9.0,2.0,1.0,0,256
1310,0,8,9.0,3.0,2.0,1,256
1311,2,8,9.0,2.0,3.0,0,256
1312,0,8,9.0,7.0,0.0,5,256
1313,0,8,9.0,6.0,1.0,4,256
1314,0,8,9.0,5.0,0.0,3,256
1315,0,8,9.0,5.0,2.0,3,256
1316,0,8,9.0,5.0,0.0,2,256
1317,0,8,9.0,4.0,1.0,1,256
1318,7,8,9.0,3.0,0.0,1,256
1319,0,8,9.0,3.0,2.0,1,256
1320,0,8,9.0,6.0,0.0,4,256
1321,0,8,9.0,5.0,1.0,3,256
1322,2,8,9.0,4.0,0.0,2,256
1323,0,8,9.0,4.0,2.0,2,256
1324,5,8,9.0,4.0,0.0,1,256
1325,2,8,9.0,3.0,1.0,0,256
1326,119,8,9.0,2.0,0.0,0,256
1327,3,8,9.0,2.0,2.0,0,256
1328,3,8,9.0,4.0,0.0,1,256
1329,0,8,9.0,3.0,1.0,1,256
1330,0,8,9.0,3.0,1.0,1,256
1331,0,8,9.0,3.0,3.0,1,256
1332,1,8,9.0,3.0,1.0,1,256
1333,0,8,9.0,2.0,2.0,1,256
1334,0,8,9.0,2.0,2.0,1,256
1335,0,8,9.0,2.0,4.0,1,256
1336,103,8,9.0,3.0,0.0,0,256
1337,44,8,9.0,2.0,1.0,0,256
1338,27,8,9.0,2.0,1.0,0,256
1339,1,8,9.0,2.0,3.0,0,256
1340,48,8,9.0,2.0,1.0,0,256
1341,24,8,9.0,1.0,2.0,0,256
1342,29,8,9.0,1.0,2.0,0,256
1343,0,8,9.0,1.0,4.0,0,256
1344,0,8,9.0,6.0,0.0,4,256
1345,5,8,9.0,4.0,0.0,1,256
1346,3,8,9.0,4.0,0.0,2,256
1347,2,8,9.0,3.0,1.0,1,256
1348,0,8,9.0,5.0,1.0,4,256
1349,1,8,9.0,3.0,1.0,1,256
1350,0,8,9.0,3.0,1.0,2,256
1351,0,8,9.0,2.0,2.0,1,256
1352,0,8,9.0,5.0,0.0,3,256
1353,133,8,9.0,3.0,0.0,0,256
1354,18,8,9.0,3.0,0.0,1,256
1355,37,8,9.0,2.0,1.0,0,256
1356,0,8,9.0,4.0,1.0,3,256
1357,67,8,9.0,2.0,1.0,0,256
1358,7,8,9.0,2.0,1.0,1,256
1359,19,8,9.0,1.0,2.0,0,256
1360,0,8,9.0,4.0,1.0,3,256
1361,7,8,9.0,2.0,1.0,1,256
1362,0,8,9.0,3.0,2.0,2,256
1363,0,8,9.0,2.0,3.0,1,256
1364,0,8,9.0,4.0,3.0,3,256
1365,0,8,9.0,2.0,3.0,1,256
1366,0,8,9.0,3.0,4.0,2,256
1367,0,8,9.0,2.0,5.0,1,256
1368,1,8,9.0,3.0,1.0,2,256
1369,376,8,9.0,1.0,1.0,0,256
1370,0,8,9.0,2.0,2.0,1,256
1371,11,8,9.0,1.0,3.0,0,256
1372,0,8,9.0,3.0,3.0,2,256
1373,30,8,9.0,1.0,3.0,0,256
1374,0,8,9.0,2.0,4.0,1,256
1375,0,8,9.0,1.0,5.0,0,256
1376,0,8,9.0,4.0,0.0,2,256
1377,0,8,9.0,3.0,1.0,1,256
1378,18,8,9.0,2.0,0.0,1,256
1379,0,8,9.0,2.0,2.0,1,256
1380,0,8,9.0,3.0,1.0,2,256
1381,0,8,9.0,2.0,2.0,1,256
1382,14,8,9.0,1.0,1.0,1,256
1383,0,8,9.0,1.0,3.0,1,256
1384,20,8,9.0,3.0,0.0,1,256
1385,51,8,9.0,2.0,1.0,0,256
1386,1683,8,9.0,1.0,0.0,0,256
1387,37,8,9.0,1.0,2.0,0,256
1388,9,8,9.0,2.0,1.0,1,256
1389,26,8,9.0,1.0,2.0,0,256
1390,903,8,9.0,0.0,1.0,0,256
1391,18,8,9.0,0.0,3.0,0,256
1392,6,8,9.0,2.0,1.0,1,256
1393,1,8,9.0,1.0,2.0,1,256
1394,2,8,9.0,1.0,2.0,1,256
1395,0,8,9.0,1.0,4.0,1,256
1396,0,8,9.0,2.0,3.0,1,256
1397,0,8,9.0,1.0,4.0,1,256
1398,0,8,9.0,1.0,4.0,1,256
1399,0,8,9.0,1.0,6.0,1,256
1400,363,8,9.0,1.0,1.0,0,256
1401,268,8,9.0,0.0,2.0,0,256
1402,153,8,9.0,0.0,2.0,0,256
1403,17,8,9.0,0.0,4.0,0,256
1404,19,8,9.0,1.0,3.0,0,256
1405,24,8,9.0,0.0,4.0,0,256
1406,25,8,9.0,0.0,4.0,0,256
1407,3,8,9.0,0.0,6.0,0,256
1408,0,8,9.0,6.0,0.0,4,256
1409,3,8,9.0,4.0,0.0,2,256
1410,7,8,9.0,4.0,0.0,1,256
1411,2,8,9.0,3.0,1.0,1,256
1412,1,8,9.0,4.0,0.0,2,256
1413,210,8,9.0,2.0,0.0,0,256
1414,666,8,9.0,2.0,0.0,0,256
1415,255,8,9.0,1.0,1.0,0,256
1416,0,8,9.0,6.0,1.0,4,256
1417,0,8,9.0,4.0,1.0,2,256
1418,0,8,9.0,4.0,1.0,1,256
1419,0,8,9.0,3.0,2.0,1,256
1420,0,8,9.0,4.0,1.0,2,256
1421,22,8,9.0,2.0,1.0,0,256
1422,38,8,9.0,2.0,1.0,0,256
1423,17,8,9.0,1.0,2.0,0,256
1424,32,8,9.0,3.0,0.0,1,256
1425,1612,8,9.0,1.0,0.0,0,256
1426,36,8,9.0,2.0,1.0,0,256
1427,17,8,9.0,1.0,2.0,0,256
1428,6,8,9.0,2.0,1.0,1,256
1429,730,8,9.0,0.0,1.0,0,256
1430,32,8,9.0,1.0,2.0,0,256
1431,55,8,9.0,0.0,3.0,0,256
1432,1,8,9.0,3.0,1.0,1,256
1433,132,8,9.0,1.0,1.0,0,256
1434,1,8,9.0,2.0,2.0,0,256
1435,0,8,9.0,1.0,3.0,0,256
1436,0,8,9.0,2.0,2.0,1,256
1437,74,8,9.0,0.0,2.0,0,256
1438,2,8,9.0,1.0,3.0,0,256
1439,4,8,9.0,0.0,4.0,0,256
1440,0,8,9.0,5.0,1.0,3,256
1441,0,8,9.0,4.0,2.0,2,256
1442,4,8,9.0,3.0,1.0,1,256
1443,0,8,9.0,3.0,3.0,1,256
1444,0,8,9.0,3.0,1.0,1,256
1445,0,8,9.0,2.0,2.0,0,256
1446,263,8,9.0,1.0,1.0,0,256
1447,20,8,9.0,1.0,3.0,0,256
1448,0,8,9.0,5.0,2.0,3,256
1449,0,8,9.0,4.0,3.0,2,256
1450,0,8,9.0,3.0,2.0,1,256
1451,0,8,9.0,3.0,4.0,1,256
1452,0,8,9.0,3.0,2.0,1,256
1453,1,8,9.0,2.0,3.0,0,256
1454,41,8,9.0,1.0,2.0,0,256
1455,1,8,9.0,1.0,4.0,0,256
1456,40,8,9.0,2.0,1.0,0,256
1457,31,8,9.0,1.0,2.0,0,256
1458,17,8,9.0,1.0,2.0,0,256
1459,3,8,9.0,1.0,4.0,0,256
1460,9,8,9.0,1.0,2.0,0,256
1461,13,8,9.0,0.0,3.0,0,256
1462,17,8,9.0,0.0,3.0,0,256
1463,2,8,9.0,0.0,5.0,0,256
1464,18,8,9.0,2.0,2.0,0,256
1465,12,8,9.0,1.0,3.0,0,256
1466,3,8,9.0,1.0,3.0,0,256
1467,0,8,9.0,1.0,5.0,0,256
1468,5,8,9.0,1.0,3.0,0,256
1469,9,8,9.0,0.0,4.0,0,256
1470,8,8,9.0,0.0,4.0,0,256
1471,0,8,9.0,0.0,6.0,0,256
1472,0,8,9.0,4.0,1.0,2,256
1473,26,8,9.0,2.0,1.0,0,256
1474,52,8,9.0,2.0,1.0,0,256
1475,23,8,9.0,1.0,2.0,0,256
1476,0,8,9.0,3.0,2.0,2,256
1477,17,8,9.0,1.0,2.0,0,256
1478,41,8,9.0,1.0,2.0,0,256
1479,17,8,9.0,0.0,3.0,0,256
1480,0,8,9.0,4.0,2.0,2,256
1481,9,8,9.0,2.0,2.0,0,256
1482,7,8,9.0,2.0,2.0,0,256
1483,6,8,9.0,1.0,3.0,0,256
1484,0,8,9.0,3.0,3.0,2,256
1485,11,8,9.0,1.0,3.0,0,256
1486,4,8,9.0,1.0,3.0,0,256
1487,3,8,9.0,0.0,4.0,0,256
1488,0,8,9.0,2.0,2.0,1,256
1489,92,8,9.0,0.0,2.0,0,256
1490,6,8,9.0,1.0,3.0,0,256
1491,7,8,9.0,0.0,4.0,0,256
1492,0,8,9.0,2.0,4.0,1,256
1493,16,8,9.0,0.0,4.0,0,256
1494,2,8,9.0,1.0,5.0,0,256
1495,2,8,9.0,0.0,6.0,0,256
1496,0,8,9.0,2.0,3.0,1,256
1497,71,8,9.0,0.0,3.0,0,256
1498,0,8,9.0,1.0,4.0,0,256
1499,0,8,9.0,0.0,5.0,0,256
1500,0,8,9.0,2.0,5.0,1,256
1501,9,8,9.0,0.0,5.0,0,256
1502,0,8,9.0,1.0,6.0,0,256
1503,0,8,9.0,0.0,7.0,0,256
1504,0,8,9.0,3.0,2.0,1,256
1505,0,8,9.0,2.0,3.0,0,256
1506,23,8,9.0,1.0,2.0,0,256
1507,2,8,9.0,1.0,4.0,0,256
1508,0,8,9.0,2.0,3.0,1,256
1509,0,8,9.0,1.0,4.0,0,256
1510,28,8,9.0,0.0,3.0,0,256
1511,1,8,9.0,0.0,5.0,0,256
1512,0,8,9.0,3.0,3.0,1,256
1513,1,8,9.0,2.0,4.0,0,256
1514,16,8,9.0,1.0,3.0,0,256
1515,0,8,9.0,1.0,5.0,0,256
1516,0,8,9.0,2.0,4.0,1,256
1517,1,8,9.0,1.0,5.0,0,256
1518,27,8,9.0,0.0,4.0,0,256
1519,1,8,9.0,0.0,6.0,0,256
1520,4,8,9.0,1.0,3.0,0,256
1521,6,8,9.0,0.0,4.0,0,256
1522,4,8,9.0,0.0,4.0,0,256
1523,1,8,9.0,0.0,6.0,0,256
1524,0,8,9.0,1.0,5.0,0,256
1525,1,8,9.0,0.0,6.0,0,256
1526,3,8,9.0,0.0,6.0,0,256
1527,0,8,9.0,0.0,8.0,0,256
1528,8,8,9.0,1.0,4.0,0,256
1529,14,8,9.0,0.0,5.0,0,256
1530,4,8,9.0,0.0,5.0,0,256
1531,1,8,9.0,0.0,7.0,0,256
1532,0,8,9.0,1.0,6.0,0,256
1533,1,8,9.0,0.0,7.0,0,256
1534,2,8,9.0,0.0,7.0,0,256
1535,0,8,9.0,0.0,9.0,0,256
1536,0,8,8.0,8.0,0.0,8,256
1537,0,8,8.0,6.0,0.0,5,256
1538,0,8,8.0,6.0,0.0,5,256
1539,0,8,8.0,4.0,0.0,3,256
1540,0,8,8.0,7.0,0.0,6,256
1541,0,8,8.0,5.0,0.0,3,256
1542,0,8,8.0,5.0,0.0,3,256
1543,1,8,8.0,3.0,0.0,1,256
1544,0,8,8.0,6.0,0.0,5,256
1545,0,8,8.0,4.0,0.0,3,256
1546,0,8,8.0,4.0,0.0,2,256
1547,29,8,8.0,2.0,0.0,1,256
1548,0,8,8.0,6.0,1.0,5,256
1549,0,8,8.0,4.0,1.0,3,256
1550,0,8,8.0,4.0,1.0,2,256
1551,2,8,8.0,2.0,1.0,1,256
1552,0,8,8.0,7.0,0.0,6,256
1553,0,8,8.0,5.0,0.0,4,256
1554,0,8,8.0,5.0,0.0,3,256
1555,2,8,8.0,3.0,0.0,2,256
1556,0,8,8.0,6.0,0.0,4,256
1557,0,8,8.0,4.0,0.0,2,256
1558,0,8,8.0,4.0,0.0,1,256
1559,270,8,8.0,2.0,0.0,0,256
1560,0,8,8.0,5.0,0.0,4,256
1561,1,8,8.0,3.0,0.0,2,256
1562,5,8,8.0,3.0,0.0,1,256
1563,1377,8,8.0,1.0,0.0,0,256
1564,0,8,8.0,5.0,1.0,4,256
1565,0,8,8.0,3.0,1.0,2,256
1566,0,8,8.0,3.0,1.0,1,256
1567,159,8,8.0,1.0,1.0,0,256
1568,0,8,8.0,5.0,0.0,4,256
1569,0,8,8.0,4.0,1.0,4,256
1570,0,8,8.0,4.0,1.0,3,256
1571,0,8,8.0,3.0,2.0,3,256
1572,0,8,8.0,4.0,0.0,2,256
1573,0,8,8.0,3.0,1.0,2,256
1574,0,8,8.0,3.0,1.0,1,256
1575,0,8,8.0,2.0,2.0,1,256
1576,1,8,8.0,3.0,0.0,2,256
1577,0,8,8.0,2.0,1.0,2,256
1578,0,8,8.0,2.0,1.0,1,256
1579,0,8,8.0,1.0,2.0,1,256
1580,0,8,8.0,3.0,1.0,2,256
1581,0,8,8.0,2.0,2.0,2,256
1582,0,8,8.0,2.0,2.0,1,256
1583,0,8,8.0,1.0,3.0,1,256
1584,0,8,8.0,4.0,0.0,3,256
1585,0,8,8.0,3.0,1.0,3,256
1586,0,8,8.0,3.0,1.0,2,256
1587,0,8,8.0,2.0,2.0,2,256
1588,11,8,8.0,3.0,0.0,1,256
1589,3,8,8.0,2.0,1.0,1,256
1590,17,8,8.0,2.0,1.0,0,256
1591,21,8,8.0,1.0,2.0,0,256
1592,66,8,8.0,2.0,0.0,1,256
1593,16,8,8.0,1.0,1.0,1,256
1594,88,8,8.0,1.0,1.0,0,256
1595,88,8,8.0,0.0,2.0,0,256
1596,11,8,8.0,2.0,1.0,1,256
1597,1,8,8.0,1.0,2.0,1,256
1598,10,8,8.0,1.0,2.0,0,256
1599,9,8,8.0,0.0,3.0,0,256
1600,0,8,8.0,4.0,0.0,3,256
1601,0,8,8.0,3.0,1.0,3,256
1602,74,8,8.0,2.0,0.0,1,256
1603,14,8,8.0,1.0,1.0,1,256
1604,3,8,8.0,3.0,0.0,2,256
1605,0,8,8.0,2.0,1.0,2,256
1606,1591,8,8.0,1.0,0.0,0,256
1607,362,8,8.0,0.0,1.0,0,256
1608,0,8,8.0,3.0,1.0,2,256
1609,0,8,8.0,2.0,2.0,2,256
1610,80,8,8.0,1.0,1.0,0,256
1611,37,8,8.0,0.0,2.0,0,256
1612,0,8,8.0,3.0,2.0,2,256
1613,0,8,8.0,2.0,3.0,2,256
1614,35,8,8.0,1.0,2.0,0,256
1615,14,8,8.0,0.0,3.0,0,256
1616,0,8,8.0,4.0,1.0,3,256
1617,0,8,8.0,3.0,2.0,3,256
1618,3,8,8.0,2.0,1.0,1,256
1619,2,8,8.0,1.0,2.0,1,256
1620,0,8,8.0,3.0,1.0,2,256
1621,1,8,8.0,2.0,2.0,2,256
1622,72,8,8.0,1.0,1.0,0,256
1623,94,8,8.0,0.0,2.0,0,256
1624,0,8,8.0,3.0,2.0,2,256
1625,0,8,8.0,2.0,3.0,2,256
1626,9,8,8.0,1.0,2.0,0,256
1627,32,8,8.0,0.0,3.0,0,256
1628,0,8,8.0,3.0,3.0,2,256
1629,0,8,8.0,2.0,4.0,2,256
1630,1,8,8.0,1.0,3.0,0,256
1631,11,8,8.0,0.0,4.0,0,256
1632,1,8,8.0,2.0,1.0,2,256
1633,0,8,8.0,2.0,3.0,2,256
1634,3,8,8.0,1.0,2.0,1,256
1635,0,8,8.0,1.0,4.0,1,256
1636,21,8,8.0,1.0,1.0,1,256
1637,0,8,8.0,1.0,3.0,1,256
1638,54,8,8.0,0.0,2.0,0,256
1639,1,8,8.0,0.0,4.0,0,256
1640,1,8,8.0,1.0,2.0,1,256
1641,0,8,8.0,1.0,4.0,1,256
1642,5,8,8.0,0.0,3.0,0,256
1643,1,8,8.0,0.0,5.0,0,256
1644,0,8,8.0,1.0,3.0,1,256
1645,0,8,8.0,1.0,5.0,1,256
1646,1,8,8.0,0.0,4.0,0,256
1647,0,8,8.0,0.0,6.0,0,256
1648,0,8,8.0,2.0,2.0,2,256
1649,0,8,8.0,2.0,4.0,2,256
1650,0,8,8.0,1.0,3.0,1,256
1651,0,8,8.0,1.0,5.0,1,256
1652,2,8,8.0,1.0,2.0,1,256
1653,0,8,8.0,1.0,4.0,1,256
1654,7,8,8.0,0.0,3.0,0,256
1655,2,8,8.0,0.0,5.0,0,256
1656,2,8,8.0,1.0,3.0,1,256
1657,0,8,8.0,1.0,5.0,1,256
1658,6,8,8.0,0.0,4.0,0,256
1659,5,8,8.0,0.0,6.0,0,256
1660,0,8,8.0,1.0,4.0,1,256
1661,0,8,8.0,1.0,6.0,1,256
1662,1,8,8.0,0.0,5.0,0,256
1663,1,8,8.0,0.0,7.0,0,256
1664,0,8,8.0,7.0,0.0,6,256
1665,0,8,8.0,5.0,0.0,3,256
1666,0,8,8.0,6.0,1.0,5,256
1667,0,8,8.0,4.0,1.0,3,256
1668,0,8,8.0,6.0,0.0,4,256
1669,0,8,8.0,4.0,0.0,1,256
1670,0,8,8.0,5.0,1.0,3,256
1671,0,8,8.0,3.0,1.0,1,256
1672,0,8,8.0,5.0,0.0,3,256
1673,4,8,8.0,3.0,0.0,1,256
1674,0,8,8.0,4.0,1.0,2,256
1675,0,8,8.0,2.0,1.0,1,256
1676,0,8,8.0,5.0,1.0,3,256
1677,0,8,8.0,3.0,1.0,1,256
1678,0,8,8.0,4.0,2.0,2,256
1679,0,8,8.0,2.0,2.0,1,256
1680,0,8,8.0,6.0,0.0,4,256
1681,0,8,8.0,4.0,0.0,2,256
1682,0,8,8.0,5.0,1.0,3,256
1683,0,8,8.0,3.0,1.0,2,256
1684,0,8,8.0,5.0,0.0,2,256
1685,24,8,8.0,3.0,0.0,0,256
1686,0,8,8.0,4.0,1.0,1,256
1687,24,8,8.0,2.0,1.0,0,256
1688,0,8,8.0,4.0,0.0,2,256
1689,78,8,8.0,2.0,0.0,0,256
1690,0,8,8.0,3.0,1.0,1,256
1691,120,8,8.0,1.0,1.0,0,256
1692,0,8,8.0,4.0,1.0,2,256
1693,8,8,8.0,2.0,1.0,0,256
1694,0,8,8.0,3.0,2.0,1,256
1695,14,8,8.0,1.0,2.0,0,256
1696,0,8,8.0,4.0,0.0,3,256
1697,0,8,8.0,3.0,1.0,3,256
1698,0,8,8.0,4.0,2.0,3,256
1699,0,8,8.0,3.0,3.0,3,256
1700,1,8,8.0,3.0,0.0,1,256
1701,2,8,8.0,2.0,1.0,1,256
1702,0,8,8.0,3.0,2.0,1,256
1703,1,8,8.0,2.0,3.0,1,256
1704,23,8,8.0,2.0,0.0,1,256
1705,6,8,8.0,1.0,1.0,1,256
1706,1,8,8.0,2.0,2.0,1,256
1707,0,8,8.0,1.0,3.0,1,256
1708,1,8,8.0,2.0,1.0,1,256
1709,5,8,8.0,1.0,2.0,1,256
1710,0,8,8.0,2.0,3.0,1,256
1711,0,8,8.0,1.0,4.0,1,256
1712,3,8,8.0,3.0,0.0,2,256
1713,1,8,8.0,2.0,1.0,2,256
1714,0,8,8.0,3.0,2.0,2,256
1715,0,8,8.0,2.0,3.0,2,256
1716,324,8,8.0,2.0,0.0,0,256
1717,147,8,8.0,1.0,1.0,0,256
1718,6,8,8.0,2.0,2.0,0,256
1719,8,8,8.0,1.0,3.0,0,256
1720,1458,8,8.0,1.0,0.0,0,256
1721,616,8,8.0,0.0,1.0,0,256
1722,32,8,8.0,1.0,2.0,0,256
1723,54,8,8.0,0.0,3.0,0,256
1724,184,8,8.0,1.0,1.0,0,256
1725,91,8,8.0,0.0,2.0,0,256
1726,3,8,8.0,1.0,3.0,0,256
1727,5,8,8.0,0.0,4.0,0,256
1728,8,8,8.0,3.0,0.0,1,256
1729,2,8,8.0,2.0,1.0,1,256
1730,5,8,8.0,2.0,1.0,1,256
1731,1,8,8.0,1.0,2.0,1,256
1732,172,8,8.0,2.0,0.0,0,256
1733,82,8,8.0,1.0,1.0,0,256
1734,160,8,8.0,1.0,1.0,0,256
1735,44,8,8.0,0.0,2.0,0,256
1736,9,8,8.0,2.0,1.0,0,256
1737,4,8,8.0,1.0,2.0,0,256
1738,8,8,8.0,1.0,2.0,0,256
1739,6,8,8.0,0.0,3.0,0,256
1740,5,8,8.0,2.0,2.0,0,256
1741,1,8,8.0,1.0,3.0,0,256
1742,5,8,8.0,1.0,3.0,0,256
1743,2,8,8.0,0.0,4.0,0,256
1744,0,8,8.0,3.0,1.0,1,256
1745,1,8,8.0,2.0,2.0,1,256
1746,0,8,8.0,2.0,2.0,1,256
1747,0,8,8.0,1.0,3.0,1,256
1748,7,8,8.0,2.0,1.0,0,256
1749,16,8,8.0,1.0,2.0,0,256
1750,5,8,8.0,1.0,2.0,0,256
1751,11,8,8.0,0.0,3.0,0,256
1752,1,8,8.0,2.0,2.0,0,256
1753,4,8,8.0,1.0,3.0,0,256
1754,0,8,8.0,1.0,3.0,0,256
1755,6,8,8.0,0.0,4.0,0,256
1756,0,8,8.0,2.0,3.0,0,256
1757,1,8,8.0,1.0,4.0,0,256
1758,0,8,8.0,1.0,4.0,0,256
1759,1,8,8.0,0.0,5.0,0,256
1760,29,8,8.0,1.0,1.0,1,256
1761,2,8,8.0,1.0,3.0,1,256
1762,3,8,8.0,1.0,3.0,1,256
1763,0,8,8.0,1.0,5.0,1,256
1764,940,8,8.0,0.0,1.0,0,256
1765,33,8,8.0,0.0,3.0,0,256
1766,57,8,8.0,0.0,3.0,0,256
1767,2,8,8.0,0.0,5.0,0,256
1768,52,8,8.0,0.0,2.0,0,256
1769,9,8,8.0,0.0,4.0,0,256
1770,3,8,8.0,0.0,4.0,0,256
1771,0,8,8.0,0.0,6.0,0,256
1772,26,8,8.0,0.0,3.0,0,256
1773,2,8,8.0,0.0,5.0,0,256
1774,4,8,8.0,0.0,5.0,0,256
1775,0,8,8.0,0.0,7.0,0,256
1776,4,8,8.0,1.0,2.0,1,256
1777,0,8,8.0,1.0,4.0,1,256
1778,0,8,8.0,1.0,4.0,1,256
1779,0,8,8.0,1.0,6.0,1,256
1780,128,8,8.0,0.0,2.0,0,256
1781,16,8,8.0,0.0,4.0,0,256
1782,3,8,8.0,0.0,4.0,0,256
1783,2,8,8.0,0.0,6.0,0,256
1784,29,8,8.0,0.0,3.0,0,256
1785,7,8,8.0,0.0,5.0,0,256
1786,1,8,8.0,0.0,5.0,0,256
1787,0,8,8.0,0.0,7.0,0,256
1788,15,8,8.0,0.0,4.0,0,256
1789,2,8,8.0,0.0,6.0,0,256
1790,0,8,8.0,0.0,6.0,0,256
1791,0,8,8.0,0.0,8.0,0,256
1792,0,8,9.0,9.0,0.0,8,256
1793,0,8,9.0,7.0,0.0,5,256
1794,0,8,9.0,7.0,0.0,5,256
1795,0,8,9.0,6.0,1.0,4,256
1796,0,8,9.0,6.0,0.0,4,256
1797,0,8,9.0,4.0,0.0,2,256
1798,1,8,9.0,4.0,0.0,2,256
1799,0,8,9.0,3.0,1.0,2,256
1800,0,8,9.0,8.0,0.0,6,256
1801,0,8,9.0,6.0,0.0,3,256
1802,0,8,9.0,6.0,0.0,3,256
1803,0,8,9.0,5.0,1.0,2,256
1804,0,8,9.0,5.0,0.0,2,256
1805,34,8,9.0,3.0,0.0,0,256
1806,44,8,9.0,3.0,0.0,0,256
1807,19,8,9.0,2.0,1.0,0,256
1808,0,8,9.0,7.0,0.0,5,256
1809,0,8,9.0,6.0,1.0,4,256
1810,0,8,9.0,5.0,0.0,3,256
1811,0,8,9.0,5.0,2.0,3,256
1812,0,8,9.0,5.0,1.0,3,256
1813,0,8,9.0,4.0,2.0,2,256
1814,0,8,9.0,3.0,1.0,2,256
1815,0,8,9.0,3.0,3.0,2,256
1816,0,8,9.0,6.0,0.0,3,256
1817,0,8,9.0,5.0,1.0,2,256
1818,0,8,9.0,4.0,0.0,1,256
1819,0,8,9.0,4.0,2.0,1,256
1820,0,8,9.0,4.0,1.0,1,256
1821,0,8,9.0,3.0,2.0,0,256
1822,12,8,9.0,2.0,1.0,0,256
1823,0,8,9.0,2.0,3.0,0,256
1824,0,8,9.0,7.0,0.0,5,256
1825,0,8,9.0,5.0,0.0,2,256
1826,0,8,9.0,5.0,0.0,2,256
1827,0,8,9.0,4.0,1.0,1,256
1828,1,8,9.0,4.0,0.0,2,256
1829,268,8,9.0,2.0,0.0,0,256
1830,648,8,9.0,2.0,0.0,0,256
1831,254,8,9.0,1.0,1.0,0,256
1832,0,8,9.0,7.0,1.0,5,256
1833,0,8,9.0,5.0,1.0,2,256
1834,0,8,9.0,5.0,1.0,2,256
1835,0,8,9.0,4.0,2.0,1,256
1836,0,8,9.0,4.0,1.0,2,256
1837,32,8,9.0,2.0,1.0,0,256
1838,57,8,9.0,2.0,1.0,0,256
1839,24,8,9.0,1.0,2.0,0,256
1840,0,8,9.0,5.0,0.0,2,256
1841,0,8,9.0,4.0,1.0,1,256
1842,36,8,9.0,3.0,0.0,0,256
1843,1,8,9.0,3.0,2.0,0,256
1844,0,8,9.0,3.0,1.0,1,256
1845,1,8,9.0,2.0,2.0,0,256
1846,215,8,9.0,1.0,1.0,0,256
1847,14,8,9.0,1.0,3.0,0,256
1848,0,8,9.0,5.0,1.0,2,256
1849,0,8,9.0,4.0,2.0,1,256
1850,3,8,9.0,3.0,1.0,0,256
1851,0,8,9.0,3.0,3.0,0,256
1852,0,8,9.0,3.0,2.0,1,256
1853,0,8,9.0,2.0,3.0,0,256
1854,17,8,9.0,1.0,2.0,0,256
1855,0,8,9.0,1.0,4.0,0,256
1856,0,8,9.0,6.0,0.0,4,256
1857,1,8,9.0,4.0,0.0,2,256
1858,0,8,9.0,5.0,1.0,3,256
1859,0,8,9.0,4.0,2.0,2,256
1860,0,8,9.0,4.0,1.0,3,256
1861,2,8,9.0,2.0,1.0,2,256
1862,0,8,9.0,3.0,2.0,2,256
1863,0,8,9.0,2.0,3.0,2,256
1864,0,8,9.0,5.0,0.0,2,256
1865,29,8,9.0,3.0,0.0,0,256
1866,0,8,9.0,4.0,1.0,1,256
1867,0,8,9.0,3.0,2.0,0,256
1868,2,8,9.0,3.0,1.0,1,256
1869,239,8,9.0,1.0,1.0,0,256
1870,3,8,9.0,2.0,2.0,0,256
1871,4,8,9.0,1.0,3.0,0,256
1872,1,8,9.0,4.0,0.0,2,256
1873,0,8,9.0,3.0,1.0,2,256
1874,0,8,9.0,3.0,1.0,2,256
1875,0,8,9.0,3.0,3.0,2,256
1876,0,8,9.0,3.0,2.0,2,256
1877,0,8,9.0,2.0,3.0,2,256
1878,0,8,9.0,2.0,3.0,2,256
1879,0,8,9.0,2.0,5.0,2,256
1880,45,8,9.0,3.0,0.0,0,256
1881,14,8,9.0,2.0,1.0,0,256
1882,14,8,9.0,2.0,1.0,0,256
1883,1,8,9.0,2.0,3.0,0,256
1884,2,8,9.0,2.0,2.0,0,256
1885,7,8,9.0,1.0,3.0,0,256
1886,3,8,9.0,1.0,3.0,0,256
1887,0,8,9.0,1.0,5.0,0,256
1888,1,8,9.0,4.0,0.0,2,256
1889,263,8,9.0,2.0,0.0,0,256
1890,0,8,9.0,3.0,1.0,1,256
1891,2,8,9.0,2.0,2.0,0,256
1892,7,8,9.0,2.0,1.0,1,256
1893,1140,8,9.0,0.0,1.0,0,256
1894,23,8,9.0,1.0,2.0,0,256
1895,44,8,9.0,0.0,3.0,0,256
1896,0,8,9.0,4.0,1.0,2,256
1897,27,8,9.0,2.0,1.0,0,256
1898,0,8,9.0,3.0,2.0,1,256
1899,0,8,9.0,2.0,3.0,0,256
1900,0,8,9.0,2.0,2.0,1,256
1901,142,8,9.0,0.0,2.0,0,256
1902,2,8,9.0,1.0,3.0,0,256
1903,4,8,9.0,0.0,4.0,0,256
1904,640,8,9.0,2.0,0.0,0,256
1905,251,8,9.0,1.0,1.0,0,256
1906,224,8,9.0,1.0,1.0,0,256
1907,12,8,9.0,1.0,3.0,0,256
1908,22,8,9.0,1.0,2.0,0,256
1909,48,8,9.0,0.0,3.0,0,256
1910,40,8,9.0,0.0,3.0,0,256
1911,2,8,9.0,0.0,5.0,0,256
1912,56,8,9.0,2.0,1.0,0,256
1913,25,8,9.0,1.0,2.0,0,256
1914,14,8,9.0,1.0,2.0,0,256
1915,1,8,9.0,1.0,4.0,0,256
1916,2,8,9.0,1.0,3.0,0,256
1917,7,8,9.0,0.0,4.0,0,256
1918,1,8,9.0,0.0,4.0,0,256
1919,0,8,9.0,0.0,6.0,0,256
1920,0,8,9.0,6.0,0.0,4,256
1921,2,8,9.0,4.0,0.0,1,256
1922,0,8,9.0,4.0,0.0,2,256
1923,0,8,9.0,3.0,1.0,1,256
1924,0,8,9.0,4.0,1.0,3,256
1925,9,8,9.0,2.0,1.0,1,256
1926,4,8,9.0,2.0,1.0,1,256
1927,5,8,9.0,1.0,2.0,1,256
1928,0,8,9.0,5.0,0.0,3,256
1929,88,8,9.0,3.0,0.0,0,256
1930,23,8,9.0,3.0,0.0,1,256
1931,29,8,9.0,2.0,1.0,0,256
1932,0,8,9.0,3.0,1.0,2,256
1933,374,8,9.0,1.0,1.0,0,256
1934,297,8,9.0,1.0,1.0,0,256
1935,195,8,9.0,0.0,2.0,0,256
1936,0,8,9.0,4.0,0.0,2,256
1937,0,8,9.0,3.0,1.0,1,256
1938,71,8,9.0,2.0,0.0,1,256
1939,1,8,9.0,2.0,2.0,1,256
1940,0,8,9.0,3.0,2.0,2,256
1941,0,8,9.0,2.0,3.0,1,256
1942,4,8,9.0,1.0,2.0,1,256
1943,0,8,9.0,1.0,4.0,1,256
1944,19,8,9.0,3.0,0.0,1,256
1945,28,8,9.0,2.0,1.0,0,256
1946,1687,8,9.0,1.0,0.0,0,256
1947,28,8,9.0,1.0,2.0,0,256
1948,0,8,9.0,2.0,2.0,1,256
1949,8,8,9.0,1.0,3.0,0,256
1950,125,8,9.0,0.0,2.0,0,256
1951,14,8,9.0,0.0,4.0,0,256
1952,0,8,9.0,5.0,1.0,3,256
1953,5,8,9.0,3.0,1.0,0,256
1954,0,8,9.0,3.0,1.0,1,256
1955,1,8,9.0,2.0,2.0,0,256
1956,0,8,9.0,3.0,2.0,2,256
1957,17,8,9.0,1.0,2.0,0,256
1958,24,8,9.0,1.0,2.0,0,256
1959,12,8,9.0,0.0,3.0,0,256
1960,0,8,9.0,5.0,2.0,3,256
1961,1,8,9.0,3.0,2.0,0,256
1962,0,8,9.0,3.0,2.0,1,256
1963,0,8,9.0,2.0,3.0,0,256
1964,0,8,9.0,3.0,3.0,2,256
1965,18,8,9.0,1.0,3.0,0,256
1966,31,8,9.0,1.0,3.0,0,256
1967,15,8,9.0,0.0,4.0,0,256
1968,0,8,9.0,3.0,1.0,1,256
1969,2,8,9.0,2.0,2.0,0,256
1970,142,8,9.0,1.0,1.0,0,256
1971,3,8,9.0,1.0,3.0,0,256
1972,0,8,9.0,2.0,3.0,1,256
1973,1,8,9.0,1.0,4.0,0,256
1974,41,8,9.0,0.0,3.0,0,256
1975,4,8,9.0,0.0,5.0,0,256
1976,0,8,9.0,3.0,2.0,1,256
1977,0,8,9.0,2.0,3.0,0,256
1978,45,8,9.0,1.0,2.0,0,256
1979,0,8,9.0,1.0,4.0,0,256
1980,0,8,9.0,2.0,4.0,1,256
1981,0,8,9.0,1.0,5.0,0,256
1982,8,8,9.0,0.0,4.0,0,256
1983,0,8,9.0,0.0,6.0,0,256
1984,0,8,9.0,4.0,1.0,3,256
1985,12,8,9.0,2.0,1.0,1,256
1986,0,8,9.0,3.0,2.0,2,256
1987,1,8,9.0,2.0,3.0,1,256
1988,0,8,9.0,3.0,3.0,2,256
1989,1,8,9.0,1.0,3.0,1,256
1990,0,8,9.0,2.0,4.0,1,256
1991,0,8,9.0,1.0,5.0,1,256
1992,0,8,9.0,3.0,1.0,2,256
1993,374,8,9.0,1.0,1.0,0,256
1994,0,8,9.0,2.0,2.0,1,256
1995,11,8,9.0,1.0,3.0,0,256
1996,0,8,9.0,2.0,3.0,1,256
1997,174,8,9.0,0.0,3.0,0,256
1998,2,8,9.0,1.0,4.0,0,256
1999,10,8,9.0,0.0,5.0,0,256
2000,4,8,9.0,2.0,1.0,1,256
2001,6,8,9.0,1.0,2.0,1,256
2002,5,8,9.0,1.0,2.0,1,256
2003,0,8,9.0,1.0,4.0,1,256
2004,0,8,9.0,2.0,4.0,1,256
2005,1,8,9.0,1.0,5.0,1,256
2006,0,8,9.0,1.0,5.0,1,256
2007,0,8,9.0,1.0,7.0,1,256
2008,307,8,9.0,1.0,1.0,0,256
2009,190,8,9.0,0.0,2.0,0,256
2010,135,8,9.0,0.0,2.0,0,256
2011,11,8,9.0,0.0,4.0,0,256
2012,2,8,9.0,1.0,4.0,0,256
2013,9,8,9.0,0.0,5.0,0,256
2014,3,8,9.0,0.0,5.0,0,256
2015,0,8,9.0,0.0,7.0,0,256
2016,0,8,9.0,3.0,2.0,2,256
2017,21,8,9.0,1.0,2.0,0,256
2018,0,8,9.0,2.0,3.0,1,256
2019,0,8,9.0,1.0,4.0,0,256
2020,0,8,9.0,2.0,4.0,1,256
2021,15,8,9.0,0.0,4.0,0,256
2022,0,8,9.0,1.0,5.0,0,256
2023,0,8,9.0,0.0,6.0,0,256
2024,0,8,9.0,3.0,3.0,2,256
2025,19,8,9.0,1.0,3.0,0,256
2026,0,8,9.0,2.0,4.0,1,256
2027,0,8,9.0,1.0,5.0,0,256
2028,0,8,9.0,2.0,5.0,1,256
2029,14,8,9.0,0.0,5.0,0,256
2030,0,8,9.0,1.0,6.0,0,256
2031,0,8,9.0,0.0,7.0,0,256
2032,28,8,9.0,1.0,2.0,0,256
2033,10,8,9.0,0.0,3.0,0,256
2034,43,8,9.0,0.0,3.0,0,256
2035,1,8,9.0,0.0,5.0,0,256
2036,1,8,9.0,1.0,5.0,0,256
2037,1,8,9.0,0.0,6.0,0,256
2038,11,8,9.0,0.0,6.0,0,256
2039,0,8,9.0,0.0,8.0,0,256
2040,29,8,9.0,1.0,3.0,0,256
2041,18,8,9.0,0.0,4.0,0,256
2042,9,8,9.0,0.0,4.0,0,256
2043,1,8,9.0,0.0,6.0,0,256
2044,1,8,9.0,1.0,6.0,0,256
2045,0,8,9.0,0.0,7.0,0,256
2046,0,8,9.0,0.0,7.0,0,256
2047,0,8,9.0,0.0,9.0,0,256
2048,0,8,10.0,10.0,0.0,8,256
2049,0,8,10.0,8.0,0.0,5,256
2050,0,8,10.0,7.0,0.0,4,256
2051,0,8,10.0,5.0,0.0,1,256
2052,0,8,10.0,8.0,0.0,5,256
2053,0,8,10.0,6.0,0.0,3,256
2054,0,8,10.0,5.0,0.0,2,256
2055,401,8,10.0,3.0,0.0,0,256
2056,0,8,10.0,7.0,0.0,4,256
2057,0,8,10.0,6.0,1.0,3,256
2058,14,8,10.0,4.0,0.0,1,256
2059,21,8,10.0,3.0,1.0,0,256
2060,0,8,10.0,6.0,1.0,4,256
2061,0,8,10.0,5.0,2.0,3,256
2062,4,8,10.0,3.0,1.0,1,256
2063,27,8,10.0,2.0,2.0,0,256
2064,0,8,10.0,8.0,0.0,5,256
2065,0,8,10.0,7.0,1.0,4,256
2066,0,8,10.0,5.0,0.0,2,256
2067,0,8,10.0,4.0,1.0,1,256
2068,0,8,10.0,6.0,0.0,3,256
2069,0,8,10.0,5.0,1.0,3,256
2070,121,8,10.0,3.0,0.0,0,256
2071,197,8,10.0,2.0,1.0,0,256
2072,3,8,10.0,5.0,0.0,3,256
2073,0,8,10.0,5.0,2.0,3,256
2074,986,8,10.0,2.0,0.0,0,256
2075,16,8,10.0,2.0,2.0,0,256
2076,0,8,10.0,4.0,1.0,3,256
2077,0,8,10.0,4.0,3.0,3,256
2078,498,8,10.0,1.0,1.0,0,256
2079,45,8,10.0,1.0,3.0,0,256
2080,0,8,10.0,8.0,0.0,5,256
2081,0,8,10.0,6.0,0.0,2,256
2082,0,8,10.0,6.0,1.0,4,256
2083,1,8,10.0,4.0,1.0,1,256
2084,0,8,10.0,6.0,0.0,2,256
2085,19,8,10.0,4.0,0.0,0,256
2086,0,8,10.0,4.0,1.0,2,256
2087,119,8,10.0,2.0,1.0,0,256
2088,1,8,10.0,5.0,0.0,1,256
2089,1,8,10.0,4.0,1.0,0,256
2090,5,8,10.0,3.0,1.0,1,256
2091,7,8,10.0,2.0,2.0,0,256
2092,0,8,10.0,4.0,1.0,1,256
2093,1,8,10.0,3.0,2.0,0,256
2094,3,8,10.0,2.0,2.0,1,256
2095,7,8,10.0,1.0,3.0,0,256
2096,0,8,10.0,6.0,0.0,2,256
2097,0,8,10.0,5.0,1.0,1,256
2098,0,8,10.0,4.0,1.0,2,256
2099,0,8,10.0,3.0,2.0,1,256
2100,28,8,10.0,4.0,0.0,0,256
2101,20,8,10.0,3.0,1.0,0,256
2102,62,8,10.0,2.0,1.0,0,256
2103,62,8,10.0,1.0,2.0,0,256
2104,207,8,10.0,3.0,0.0,0,256
2105,2,8,10.0,3.0,2.0,0,256
2106,442,8,10.0,1.0,1.0,0,256
2107,4,8,10.0,1.0,3.0,0,256
2108,99,8,10.0,2.0,1.0,0,256
2109,6,8,10.0,2.0,3.0,0,256
2110,239,8,10.0,0.0,2.0,0,256
2111,10,8,10.0,0.0,4.0,0,256
2112,0,8,10.0,8.0,0.0,5,256
2113,0,8,10.0,6.0,0.0,2,256
2114,0,8,10.0,6.0,1.0,4,256
2115,0,8,10.0,4.0,1.0,1,256
2116,0,8,10.0,6.0,0.0,2,256
2117,16,8,10.0,4.0,0.0,0,256
2118,0,8,10.0,4.0,1.0,2,256
2119,113,8,10.0,2.0,1.0,0,256
2120,1,8,10.0,5.0,0.0,1,256
2121,0,8,10.0,4.0,1.0,0,256
2122,5,8,10.0,3.0,1.0,1,256
2123,4,8,10.0,2.0,2.0,0,256
2124,0,8,10.0,4.0,1.0,1,256
2125,1,8,10.0,3.0,2.0,0,256
2126,1,8,10.0,2.0,2.0,1,256
2127,7,8,10.0,1.0,3.0,0,256
2128,0,8,10.0,6.0,0.0,2,256
2129,0,8,10.0,5.0,1.0,1,256
2130,0,8,10.0,4.0,1.0,2,256
2131,0,8,10.0,3.0,2.0,1,256
2132,23,8,10.0,4.0,0.0,0,256
2133,23,8,10.0,3.0,1.0,0,256
2134,49,8,10.0,2.0,1.0,0,256
2135,66,8,10.0,1.0,2.0,0,256
2136,217,8,10.0,3.0,0.0,0,256
2137,0,8,10.0,3.0,2.0,0,256
2138,451,8,10.0,1.0,1.0,0,256
2139,4,8,10.0,1.0,3.0,0,256
2140,115,8,10.0,2.0,1.0,0,256
2141,6,8,10.0,2.0,3.0,0,256
2142,226,8,10.0,0.0,2.0,0,256
2143,11,8,10.0,0.0,4.0,0,256
2144,0,8,10.0,7.0,1.0,5,256
2145,0,8,10.0,5.0,1.0,2,256
2146,0,8,10.0,6.0,3.0,4,256
2147,0,8,10.0,4.0,3.0,1,256
2148,0,8,10.0,5.0,1.0,2,256
2149,8,8,10.0,3.0,1.0,0,256
2150,0,8,10.0,4.0,3.0,2,256
2151,7,8,10.0,2.0,3.0,0,256
2152,0,8,10.0,4.0,1.0,1,256
2153,1,8,10.0,3.0,2.0,0,256
2154,0,8,10.0,3.0,3.0,1,256
2155,0,8,10.0,2.0,4.0,0,256
2156,0,8,10.0,3.0,2.0,1,256
2157,1,8,10.0,2.0,3.0,0,256
2158,0,8,10.0,2.0,4.0,1,256
2159,1,8,10.0,1.0,5.0,0,256
2160,0,8,10.0,5.0,1.0,2,256
2161,0,8,10.0,4.0,2.0,1,256
2162,0,8,10.0,4.0,3.0,2,256
2163,0,8,10.0,3.0,4.0,1,256
2164,12,8,10.0,3.0,1.0,0,256
2165,10,8,10.0,2.0,2.0,0,256
2166,7,8,10.0,2.0,3.0,0,256
2167,7,8,10.0,1.0,4.0,0,256
2168,124,8,10.0,2.0,1.0,0,256
2169,2,8,10.0,2.0,3.0,0,256
2170,64,8,10.0,1.0,3.0,0,256
2171,0,8,10.0,1.0,5.0,0,256
2172,76,8,10.0,1.0,2.0,0,256
2173,4,8,10.0,1.0,4.0,0,256
2174,31,8,10.0,0.0,4.0,0,256
2175,0,8,10.0,0.0,6.0,0,256
2176,0,8,10.0,6.0,0.0,3,256
2177,17,8,10.0,4.0,0.0,2,256
2178,0,8,10.0,4.0,1.0,1,256
2179,103,8,10.0,2.0,1.0,0,256
2180,0,8,10.0,5.0,1.0,3,256
2181,5,8,10.0,3.0,1.0,2,256
2182,0,8,10.0,3.0,2.0,1,256
2183,87,8,10.0,1.0,2.0,0,256
2184,1,8,10.0,4.0,1.0,2,256
2185,0,8,10.0,3.0,2.0,2,256
2186,6,8,10.0,2.0,2.0,0,256
2187,16,8,10.0,1.0,3.0,0,256
2188,0,8,10.0,4.0,3.0,2,256
2189,0,8,10.0,3.0,4.0,2,256
2190,0,8,10.0,2.0,4.0,0,256
2191,4,8,10.0,1.0,5.0,0,256
2192,0,8,10.0,5.0,1.0,2,256
2193,0,8,10.0,4.0,2.0,2,256
2194,1,8,10.0,3.0,2.0,0,256
2195,0,8,10.0,2.0,3.0,0,256
2196,0,8,10.0,4.0,2.0,2,256
2197,0,8,10.0,3.0,3.0,2,256
2198,1,8,10.0,2.0,3.0,0,256
2199,10,8,10.0,1.0,4.0,0,256
2200,0,8,10.0,3.0,2.0,2,256
2201,0,8,10.0,3.0,4.0,2,256
2202,11,8,10.0,1.0,3.0,0,256
2203,0,8,10.0,1.0,5.0,0,256
2204,0,8,10.0,3.0,4.0,2,256
2205,0,8,10.0,3.0,6.0,2,256
2206,2,8,10.0,1.0,5.0,0,256
2207,2,8,10.0,1.0,7.0,0,256
2208,14,8,10.0,4.0,0.0,1,256
2209,964,8,10.0,2.0,0.0,0,256
2210,0,8,10.0,3.0,2.0,1,256
2211,44,8,10.0,1.0,2.0,0,256
2212,3,8,10.0,3.0,1.0,1,256
2213,295,8,10.0,1.0,1.0,0,256
2214,0,8,10.0,2.0,3.0,1,256
2215,50,8,10.0,0.0,3.0,0,256
2216,118,8,10.0,2.0,1.0,0,256
2217,73,8,10.0,1.0,2.0,0,256
2218,8,8,10.0,1.0,3.0,0,256
2219,4,8,10.0,0.0,4.0,0,256
2220,1,8,10.0,2.0,3.0,0,256
2221,7,8,10.0,1.0,4.0,0,256
2222,0,8,10.0,1.0,5.0,0,256
2223,1,8,10.0,0.0,6.0,0,256
2224,7,8,10.0,3.0,1.0,0,256
2225,7,8,10.0,2.0,2.0,0,256
2226,0,8,10.0,2.0,3.0,0,256
2227,0,8,10.0,1.0,4.0,0,256
2228,11,8,10.0,2.0,2.0,0,256
2229,11,8,10.0,1.0,3.0,0,256
2230,1,8,10.0,1.0,4.0,0,256
2231,3,8,10.0,0.0,5.0,0,256
2232,77,8,10.0,1.0,2.0,0,256
2233,6,8,10.0,1.0,4.0,0,256
2234,15,8,10.0,0.0,4.0,0,256
2235,0,8,10.0,0.0,6.0,0,256
2236,15,8,10.0,1.0,4.0,0,256
2237,1,8,10.0,1.0,6.0,0,256
2238,1,8,10.0,0.0,6.0,0,256
2239,1,8,10.0,0.0,8.0,0,256
2240,17,8,10.0,4.0,0.0,1,256
2241,967,8,10.0,2.0,0.0,0,256
2242,0,8,10.0,3.0,2.0,1,256
2243,45,8,10.0,1.0,2.0,0,256
2244,0,8,10.0,3.0,1.0,1,256
2245,290,8,10.0,1.0,1.0,0,256
2246,0,8,10.0,2.0,3.0,1,256
2247,46,8,10.0,0.0,3.0,0,256
2248,121,8,10.0,2.0,1.0,0,256
2249,73,8,10.0,1.0,2.0,0,256
2250,4,8,10.0,1.0,3.0,0,256
2251,6,8,10.0,0.0,4.0,0,256
2252,1,8,10.0,2.0,3.0,0,256
2253,3,8,10.0,1.0,4.0,0,256
2254,0,8,10.0,1.0,5.0,0,256
2255,3,8,10.0,0.0,6.0,0,256
2256,10,8,10.0,3.0,1.0,0,256
2257,9,8,10.0,2.0,2.0,0,256
2258,0,8,10.0,2.0,3.0,0,256
2259,2,8,10.0,1.0,4.0,0,256
2260,13,8,10.0,2.0,2.0,0,256
2261,13,8,10.0,1.0,3.0,0,256
2262,1,8,10.0,1.0,4.0,0,256
2263,7,8,10.0,0.0,5.0,0,256
2264,81,8,10.0,1.0,2.0,0,256
2265,10,8,10.0,1.0,4.0,0,256
2266,14,8,10.0,0.0,4.0,0,256
2267,2,8,10.0,0.0,6.0,0,256
2268,12,8,10.0,1.0,4.0,0,256
2269,4,8,10.0,1.0,6.0,0,256
2270,3,8,10.0,0.0,6.0,0,256
2271,0,8,10.0,0.0,8.0,0,256
2272,6,8,10.0,3.0,1.0,1,256
2273,447,8,10.0,1.0,1.0,0,256
2274,0,8,10.0,3.0,4.0,1,256
2275,12,8,10.0,1.0,4.0,0,256
2276,1,8,10.0,2.0,2.0,1,256
2277,133,8,10.0,0.0,2.0,0,256
2278,0,8,10.0,2.0,5.0,1,256
2279,6,8,10.0,0.0,5.0,0,256
2280,58,8,10.0,1.0,2.0,0,256
2281,38,8,10.0,0.0,3.0,0,256
2282,1,8,10.0,1.0,5.0,0,256
2283,0,8,10.0,0.0,6.0,0,256
2284,2,8,10.0,1.0,4.0,0,256
2285,1,8,10.0,0.0,5.0,0,256
2286,0,8,10.0,1.0,7.0,0,256
2287,0,8,10.0,0.0,8.0,0,256
2288,4,8,10.0,2.0,2.0,0,256
2289,3,8,10.0,1.0,3.0,0,256
2290,0,8,10.0,2.0,5.0,0,256
2291,0,8,10.0,1.0,6.0,0,256
2292,2,8,10.0,1.0,3.0,0,256
2293,7,8,10.0,0.0,4.0,0,256
2294,1,8,10.0,1.0,6.0,0,256
2295,0,8,10.0,0.0,7.0,0,256
2296,33,8,10.0,0.0,3.0,0,256
2297,3,8,10.0,0.0,5.0,0,256
2298,3,8,10.0,0.0,6.0,0,256
2299,0,8,10.0,0.0,8.0,0,256
2300,5,8,10.0,0.0,5.0,0,256
2301,0,8,10.0,0.0,7.0,0,256
2302,0,8,10.0,0.0,8.0,0,256
2303,0,8,10.0,0.0,10.0,0,256
2304,0,8,8.0,8.0,0.0,8,256
2305,0,8,8.0,7.0,0.0,6,256
2306,0,8,8.0,5.0,0.0,4,256
2307,0,8,8.0,5.0,1.0,4,256
2308,0,8,8.0,6.0,0.0,5,256
2309,0,8,8.0,5.0,0.0,3,256
2310,1,8,8.0,3.0,0.0,2,256
2311,0,8,8.0,3.0,1.0,2,256
2312,0,8,8.0,6.0,0.0,5,256
2313,0,8,8.0,5.0,0.0,3,256
2314,3,8,8.0,3.0,0.0,2,256
2315,0,8,8.0,3.0,1.0,2,256
2316,0,8,8.0,4.0,0.0,2,256
2317,29,8,8.0,3.0,0.0,0,256
2318,736,8,8.0,1.0,0.0,0,256
2319,68,8,8.0,1.0,1.0,0,256
2320,0,8,8.0,6.0,0.0,5,256
2321,0,8,8.0,5.0,0.0,4,256
2322,0,8,8.0,4.0,1.0,3,256
2323,0,8,8.0,4.0,2.0,3,256
2324,0,8,8.0,4.0,0.0,2,256
2325,12,8,8.0,3.0,0.0,1,256
2326,3,8,8.0,2.0,1.0,1,256
2327,0,8,8.0,2.0,2.0,1,256
2328,0,8,8.0,5.0,1.0,4,256
2329,0,8,8.0,4.0,1.0,3,256
2330,0,8,8.0,3.0,2.0,2,256
2331,0,8,8.0,3.0,3.0,2,256
2332,0,8,8.0,3.0,1.0,1,256
2333,16,8,8.0,2.0,1.0,0,256
2334,4,8,8.0,1.0,2.0,0,256
2335,8,8,8.0,1.0,3.0,0,256
2336,0,8,8.0,6.0,0.0,5,256
2337,0,8,8.0,5.0,0.0,3,256
2338,11,8,8.0,3.0,0.0,1,256
2339,1,8,8.0,3.0,1.0,1,256
2340,0,8,8.0,5.0,1.0,4,256
2341,0,8,8.0,4.0,1.0,2,256
2342,4,8,8.0,2.0,1.0,1,256
2343,0,8,8.0,2.0,2.0,1,256
2344,0,8,8.0,4.0,0.0,3,256
2345,5,8,8.0,3.0,0.0,1,256
2346,876,8,8.0,1.0,0.0,0,256
2347,39,8,8.0,1.0,1.0,0,256
2348,0,8,8.0,3.0,1.0,2,256
2349,8,8,8.0,2.0,1.0,0,256
2350,421,8,8.0,0.0,1.0,0,256
2351,37,8,8.0,0.0,2.0,0,256
2352,0,8,8.0,4.0,0.0,2,256
2353,7,8,8.0,3.0,0.0,1,256
2354,16,8,8.0,2.0,1.0,0,256
2355,3,8,8.0,2.0,2.0,0,256
2356,0,8,8.0,3.0,1.0,1,256
2357,13,8,8.0,2.0,1.0,0,256
2358,5,8,8.0,1.0,2.0,0,256
2359,1,8,8.0,1.0,3.0,0,256
2360,0,8,8.0,3.0,1.0,2,256
2361,4,8,8.0,2.0,1.0,1,256
2362,11,8,8.0,1.0,2.0,0,256
2363,3,8,8.0,1.0,3.0,0,256
2364,0,8,8.0,2.0,2.0,1,256
2365,10,8,8.0,1.0,2.0,0,256
2366,3,8,8.0,0.0,3.0,0,256
2367,4,8,8.0,0.0,4.0,0,256
2368,0,8,8.0,6.0,0.0,5,256
2369,0,8,8.0,5.0,0.0,3,256
2370,18,8,8.0,3.0,0.0,1,256
2371,0,8,8.0,3.0,1.0,1,256
2372,0,8,8.0,4.0,0.0,3,256
2373,3,8,8.0,3.0,0.0,1,256
2374,884,8,8.0,1.0,0.0,0,256
2375,42,8,8.0,1.0,1.0,0,256
2376,0,8,8.0,5.0,1.0,4,256
2377,0,8,8.0,4.0,1.0,2,256
2378,5,8,8.0,2.0,1.0,1,256
2379,0,8,8.0,2.0,2.0,1,256
2380,0,8,8.0,3.0,1.0,2,256
2381,10,8,8.0,2.0,1.0,0,256
2382,409,8,8.0,0.0,1.0,0,256
2383,32,8,8.0,0.0,2.0,0,256
2384,0,8,8.0,4.0,0.0,3,256
2385,2,8,8.0,3.0,0.0,2,256
2386,5,8,8.0,2.0,1.0,1,256
2387,0,8,8.0,2.0,2.0,1,256
2388,15,8,8.0,2.0,0.0,1,256
2389,802,8,8.0,1.0,0.0,0,256
2390,364,8,8.0,0.0,1.0,0,256
2391,110,8,8.0,0.0,2.0,0,256
2392,0,8,8.0,4.0,2.0,3,256
2393,0,8,8.0,3.0,2.0,2,256
2394,0,8,8.0,2.0,3.0,1,256
2395,0,8,8.0,2.0,4.0,1,256
2396,0,8,8.0,2.0,2.0,1,256
2397,16,8,8.0,1.0,2.0,0,256
2398,22,8,8.0,0.0,3.0,0,256
2399,5,8,8.0,0.0,4.0,0,256
2400,0,8,8.0,5.0,1.0,4,256
2401,0,8,8.0,4.0,1.0,2,256
2402,18,8,8.0,2.0,1.0,0,256
2403,0,8,8.0,2.0,2.0,0,256
2404,0,8,8.0,4.0,2.0,3,256
2405,0,8,8.0,3.0,2.0,1,256
2406,14,8,8.0,1.0,2.0,0,256
2407,1,8,8.0,1.0,3.0,0,256
2408,0,8,8.0,4.0,2.0,3,256
2409,0,8,8.0,3.0,2.0,1,256
2410,13,8,8.0,1.0,2.0,0,256
2411,0,8,8.0,1.0,3.0,0,256
2412,0,8,8.0,3.0,3.0,2,256
2413,0,8,8.0,2.0,3.0,0,256
2414,28,8,8.0,0.0,3.0,0,256
2415,1,8,8.0,0.0,4.0,0,256
2416,0,8,8.0,3.0,1.0,2,256
2417,5,8,8.0,2.0,1.0,1,256
2418,10,8,8.0,1.0,2.0,0,256
2419,0,8,8.0,1.0,3.0,0,256
2420,0,8,8.0,2.0,2.0,1,256
2421,14,8,8.0,1.0,2.0,0,256
2422,7,8,8.0,0.0,3.0,0,256
2423,1,8,8.0,0.0,4.0,0,256
2424,0,8,8.0,3.0,3.0,2,256
2425,0,8,8.0,2.0,3.0,1,256
2426,0,8,8.0,1.0,4.0,0,256
2427,0,8,8.0,1.0,5.0,0,256
2428,0,8,8.0,2.0,4.0,1,256
2429,3,8,8.0,1.0,4.0,0,256
2430,1,8,8.0,0.0,5.0,0,256
2431,1,8,8.0,0.0,6.0,0,256
2432,0,8,8.0,6.0,0.0,5,256
2433,0,8,8.0,5.0,0.0,4,256
2434,0,8,8.0,4.0,1.0,3,256
2435,0,8,8.0,4.0,2.0,3,256
2436,0,8,8.0,5.0,1.0,4,256
2437,0,8,8.0,4.0,1.0,3,256
2438,0,8,8.0,3.0,2.0,2,256
2439,0,8,8.0,3.0,3.0,2,256
2440,0,8,8.0,4.0,0.0,2,256
2441,11,8,8.0,3.0,0.0,1,256
2442,2,8,8.0,2.0,1.0,1,256
2443,1,8,8.0,2.0,2.0,1,256
2444,0,8,8.0,3.0,1.0,1,256
2445,21,8,8.0,2.0,1.0,0,256
2446,6,8,8.0,1.0,2.0,0,256
2447,4,8,8.0,1.0,3.0,0,256
2448,0,8,8.0,4.0,0.0,3,256
2449,1,8,8.0,3.0,0.0,2,256
2450,0,8,8.0,3.0,2.0,2,256
2451,0,8,8.0,3.0,3.0,2,256
2452,0,8,8.0,3.0,1.0,2,256
2453,6,8,8.0,2.0,1.0,1,256
2454,0,8,8.0,2.0,3.0,1,256
2455,0,8,8.0,2.0,4.0,1,256
2456,0,8,8.0,3.0,1.0,2,256
2457,5,8,8.0,2.0,1.0,1,256
2458,0,8,8.0,2.0,3.0,1,256
2459,0,8,8.0,2.0,4.0,1,256
2460,0,8,8.0,2.0,2.0,1,256
2461,9,8,8.0,1.0,2.0,0,256
2462,0,8,8.0,1.0,4.0,0,256
2463,0,8,8.0,1.0,5.0,0,256
2464,0,8,8.0,4.0,0.0,3,256
2465,3,8,8.0,3.0,0.0,2,256
2466,5,8,8.0,2.0,1.0,1,256
2467,0,8,8.0,2.0,2.0,1,256
2468,0,8,8.0,4.0,2.0,3,256
2469,0,8,8.0,3.0,2.0,2,256
2470,0,8,8.0,2.0,3.0,1,256
2471,0,8,8.0,2.0,4.0,1,256
2472,16,8,8.0,2.0,0.0,1,256
2473,815,8,8.0,1.0,0.0,0,256
2474,358,8,8.0,0.0,1.0,0,256
2475,109,8,8.0,0.0,2.0,0,256
2476,0,8,8.0,2.0,2.0,1,256
2477,14,8,8.0,1.0,2.0,0,256
2478,25,8,8.0,0.0,3.0,0,256
2479,3,8,8.0,0.0,4.0,0,256
2480,9,8,8.0,2.0,0.0,1,256
2481,796,8,8.0,1.0,0.0,0,256
2482,4,8,8.0,1.0,2.0,0,256
2483,5,8,8.0,1.0,3.0,0,256
2484,0,8,8.0,2.0,2.0,1,256
2485,14,8,8.0,1.0,2.0,0,256
2486,1,8,8.0,1.0,4.0,0,256
2487,0,8,8.0,1.0,5.0,0,256
2488,3,8,8.0,1.0,1.0,1,256
2489,467,8,8.0,0.0,1.0,0,256
2490,11,8,8.0,0.0,3.0,0,256
2491,12,8,8.0,0.0,4.0,0,256
2492,0,8,8.0,1.0,3.0,1,256
2493,9,8,8.0,0.0,3.0,0,256
2494,0,8,8.0,0.0,5.0,0,256
2495,0,8,8.0,0.0,6.0,0,256
2496,0,8,8.0,4.0,0.0,2,256
2497,9,8,8.0,3.0,0.0,1,256
2498,13,8,8.0,2.0,1.0,0,256
2499,3,8,8.0,2.0,2.0,0,256
2500,0,8,8.0,3.0,1.0,2,256
2501,2,8,8.0,2.0,1.0,1,256
2502,11,8,8.0,1.0,2.0,0,256
2503,3,8,8.0,1.0,3.0,0,256
2504,0,8,8.0,3.0,1.0,1,256
2505,12,8,8.0,2.0,1.0,0,256
2506,5,8,8.0,1.0,2.0,0,256
2507,1,8,8.0,1.0,3.0,0,256
2508,0,8,8.0,2.0,2.0,1,256
2509,9,8,8.0,1.0,2.0,0,256
2510,4,8,8.0,0.0,3.0,0,256
2511,3,8,8.0,0.0,4.0,0,256
2512,7,8,8.0,2.0,0.0,1,256
2513,769,8,8.0,1.0,0.0,0,256
2514,5,8,8.0,1.0,2.0,0,256
2515,4,8,8.0,1.0,3.0,0,256
2516,4,8,8.0,1.0,1.0,1,256
2517,498,8,8.0,0.0,1.0,0,256
2518,11,8,8.0,0.0,3.0,0,256
2519,14,8,8.0,0.0,4.0,0,256
2520,0,8,8.0,2.0,2.0,1,256
2521,12,8,8.0,1.0,2.0,0,256
2522,0,8,8.0,1.0,4.0,0,256
2523,0,8,8.0,1.0,5.0,0,256
2524,0,8,8.0,1.0,3.0,1,256
2525,6,8,8.0,0.0,3.0,0,256
2526,0,8,8.0,0.0,5.0,0,256
2527,1,8,8.0,0.0,6.0,0,256
2528,0,8,8.0,3.0,1.0,2,256
2529,2,8,8.0,2.0,1.0,1,256
2530,8,8,8.0,1.0,2.0,0,256
2531,1,8,8.0,1.0,3.0,0,256
2532,0,8,8.0,3.0,3.0,2,256
2533,0,8,8.0,2.0,3.0,1,256
2534,2,8,8.0,1.0,4.0,0,256
2535,0,8,8.0,1.0,5.0,0,256
2536,0,8,8.0,2.0,2.0,1,256
2537,12,8,8.0,1.0,2.0,0,256
2538,6,8,8.0,0.0,3.0,0,256
2539,1,8,8.0,0.0,4.0,0,256
2540,0,8,8.0,2.0,4.0,1,256
2541,2,8,8.0,1.0,4.0,0,256
2542,0,8,8.0,0.0,5.0,0,256
2543,0,8,8.0,0.0,6.0,0,256
2544,4,8,8.0,1.0,1.0,1,256
2545,447,8,8.0,0.0,1.0,0,256
2546,4,8,8.0,0.0,3.0,0,256
2547,5,8,8.0,0.0,4.0,0,256
2548,0,8,8.0,1.0,3.0,1,256
2549,22,8,8.0,0.0,3.0,0,256
2550,0,8,8.0,0.0,5.0,0,256
2551,0,8,8.0,0.0,6.0,0,256
2552,0,8,8.0,1.0,3.0,1,256
2553,27,8,8.0,0.0,3.0,0,256
2554,0,8,8.0,0.0,5.0,0,256
2555,0,8,8.0,0.0,6.0,0,256
2556,0,8,8.0,1.0,5.0,1,256
2557,1,8,8.0,0.0,5.0,0,256
2558,0,8,8.0,0.0,7.0,0,256
2559,0,8,8.0,0.0,8.0,0,256
